date,n,b200,b20,adv,dd,shock5,vix,vvix,funding,funding_d20,funding_accel,credit,credit_d20,credit_accel,vix_pct,vvix_pct,b20_badpct,shock5_badpct,funding_d20_pct,funding_accel_pct,credit_d20_pct,credit_accel_pct,shock_extreme,systemic_confirm
2020-02-18,406,0.8128205128205128,0.5394088669950738,-0.2733990147783251,-0.03808873797026502,0.01028463171639793,14.83,101.02,-0.81,-0.2470000000000001,-0.0030000000000000096,-0.553,0.0119999999999999,-0.007199999999999998,0.5753968253968254,0.8373015873015873,0.7420634920634921,0.36507936507936506,0.011904761904761904,0.3492063492063492,0.6865079365079365,0.2777777777777778,False,False
2020-02-19,406,0.8179487179487179,0.5935960591133005,0.2044334975369458,-0.03708042682734497,0.00747296752171045,14.38,95.92,-0.828,-0.242,-0.008933333333333326,-0.554,0.025999999999999912,-0.010000000000000002,0.49206349206349204,0.623015873015873,0.6746031746031746,0.4642857142857143,0.015873015873015872,0.1865079365079365,0.7261904761904762,0.21428571428571427,False,False
2020-02-20,406,0.8333333333333334,0.5886699507389163,-0.0024630541871921183,-0.042771970630040346,0.00024784126704258114,15.56,99.48,-0.823,-0.22499999999999998,-0.004466666666666657,-0.551,0.03399999999999992,-0.014533333333333339,0.6785714285714286,0.8015873015873016,0.6865079365079365,0.6825396825396826,0.03571428571428571,0.32936507936507936,0.7420634920634921,0.1349206349206349,False,False
2020-02-21,406,0.8205128205128205,0.5073891625615764,-0.42857142857142855,-0.05295451887647673,-0.006583225010161453,17.08,104.86,-0.82,-0.21299999999999997,0.006733333333333354,-0.569,0.008000000000000007,-0.011733333333333314,0.8373015873015873,0.9365079365079365,0.7777777777777778,0.8015873015873016,0.04365079365079365,0.7341269841269841,0.6686507936507936,0.19047619047619047,False,False
2020-02-24,406,0.7102564102564103,0.3842364532019704,-0.9556650246305419,-0.08414645513703833,-0.037129111926997305,25.03,112.72,-0.812,-0.20700000000000007,0.010333333333333333,-0.554,0.02199999999999991,-0.0014666666666666606,1.0,0.9920634920634921,0.8690476190476191,0.9920634920634921,0.05555555555555555,0.8412698412698413,0.7023809523809523,0.47619047619047616,True,False
2020-02-25,406,0.5512820512820513,0.26354679802955666,-0.9655172413793104,-0.11571345669324784,-0.06609462019744894,27.85,121.01,-0.816,-0.19399999999999995,0.011333333333333358,-0.548,0.0050000000000000044,0.0010000000000000009,1.0,1.0,0.9801587301587301,1.0,0.06746031746031746,0.8690476190476191,0.6527777777777778,0.5714285714285714,True,False
2020-02-26,406,0.5230769230769231,0.22167487684729065,-0.46798029556650245,-0.12282989368231845,-0.0791927735991641,27.56,113.44,-0.78,-0.15800000000000003,0.023333333333333317,-0.449,0.09500000000000003,0.021666666666666674,0.996031746031746,0.9880952380952381,0.9920634920634921,1.0,0.1111111111111111,0.9841269841269841,0.8194444444444444,0.9642857142857143,True,True
2020-02-27,406,0.38461538461538464,0.07635467980295567,-0.9458128078817734,-0.15838628388723908,-0.11233389337054644,39.16,118.0,-0.778,-0.15100000000000002,0.02206666666666665,-0.386,0.067,0.039533333333333344,1.0,0.996031746031746,1.0,1.0,0.1111111111111111,0.9761904761904762,0.7936507936507936,0.996031746031746,True,True
2020-02-28,406,0.2794871794871795,0.04433497536945813,-0.5394088669950738,-0.16836001043993798,-0.11767600994095556,40.11,125.73,-0.752,-0.09399999999999997,0.024399999999999984,-0.347,0.14100000000000001,0.04979999999999999,1.0,1.0,1.0,1.0,0.15873015873015872,0.9841269841269841,0.8968253968253969,1.0,True,True
2020-03-02,406,0.4846153846153846,0.1896551724137931,0.916256157635468,-0.13283907079689405,-0.05482832274245336,33.42,114.69,-0.651,0.013000000000000012,0.042066666666666676,-0.253,0.23199999999999998,0.06480000000000001,0.9920634920634921,0.9880952380952381,0.9880952380952381,0.9801587301587301,0.6369047619047619,1.0,0.9920634920634921,1.0,True,True
2020-03-03,407,0.4025641025641026,0.10591133004926108,-0.8078817733990148,-0.15789752525946332,-0.042890029318761846,36.82,116.72,-0.475,0.19600000000000006,0.07786666666666665,-0.18,0.268,0.08026666666666668,0.9920634920634921,0.9880952380952381,0.9920634920634921,0.9761904761904762,1.0,1.0,0.996031746031746,1.0,True,True
2020-03-04,407,0.5230769230769231,0.2512315270935961,0.9287469287469288,-0.11857023053118598,0.0022204881182995573,31.99,113.97,-0.463,0.19,0.07186666666666666,-0.07,0.373,0.0762,0.9841269841269841,0.9722222222222222,0.9722222222222222,0.5912698412698413,0.9880952380952381,0.996031746031746,1.0,0.996031746031746,True,True
2020-03-05,407,0.4230769230769231,0.1477832512315271,-0.9262899262899262,-0.1465380003979052,0.00869866824370602,39.62,119.66,-0.302,0.38599999999999995,0.10120000000000001,-0.094,0.34299999999999997,0.05500000000000001,0.996031746031746,0.9920634920634921,0.9880952380952381,0.3968253968253968,1.0,1.0,0.996031746031746,0.9880952380952381,True,True
2020-03-06,407,0.38974358974358975,0.10837438423645321,-0.6511056511056511,-0.1610949014363735,0.00142782690017218,41.94,127.16,-0.208,0.501,0.11166666666666668,-0.121,0.355,0.036599999999999994,1.0,1.0,0.9880952380952381,0.6309523809523809,1.0,1.0,0.996031746031746,0.9642857142857143,True,True
2020-03-09,407,0.18974358974358974,0.03694581280788178,-0.9705159705159705,-0.23140141345643128,-0.1103921721119549,54.46,137.19,-0.427,0.301,0.039666666666666676,-0.061,0.453,0.021,1.0,1.0,1.0,0.9920634920634921,0.9920634920634921,0.9761904761904762,1.0,0.9325396825396826,True,True
2020-03-10,407,0.31025641025641026,0.0665024630541872,0.9017199017199017,-0.19091875462466912,-0.041820050773132,47.3,138.82,-0.191,0.546,0.03933333333333333,0.009,0.538,0.014533333333333332,0.996031746031746,1.0,0.9920634920634921,0.9642857142857143,1.0,0.9722222222222222,1.0,0.7817460317460317,True,True
2020-03-11,407,0.15128205128205127,0.027093596059113302,-0.9606879606879607,-0.23309761070426427,-0.12575466202268926,53.9,146.93,-0.087,0.647,0.05713333333333334,0.57,1.093,0.09779999999999997,0.996031746031746,1.0,1.0,1.0,1.0,0.9841269841269841,1.0,1.0,True,True
2020-03-12,407,0.05897435897435897,0.012315270935960592,-0.995085995085995,-0.30404216450494825,-0.18255136311731024,75.47,155.05,-0.459,0.291,-0.06126666666666667,0.485,0.99,0.08839999999999998,1.0,1.0,1.0,1.0,0.9801587301587301,0.003968253968253968,0.996031746031746,0.996031746031746,True,True
2020-03-13,407,0.12564102564102564,0.017241379310344827,0.9459459459459459,-0.2523359779855755,-0.1050724166762178,57.83,171.28,-0.348,0.44400000000000006,-0.06693333333333334,0.57,1.097,0.11113333333333332,0.996031746031746,1.0,0.996031746031746,0.9801587301587301,0.9880952380952381,0.003968253968253968,1.0,1.0,True,True
2020-03-16,407,0.04358974358974359,0.012315270935960592,-0.9705159705159705,-0.3468871471992354,-0.148781217969295,82.69,207.59,-0.25,0.549,0.010599999999999998,0.888,1.4420000000000002,0.15693333333333337,1.0,1.0,0.998015873015873,0.996031746031746,0.996031746031746,0.8095238095238095,1.0,1.0,True,True
