date,close_nasdaq,close_yahoo,return_nasdaq,return_yahoo,return_abs_diff
2026-08-18,767.45,767.4500122070312,-0.00675579484126454,-0.006755757074274671,3.776698986879268e-08
2026-08-19,769.06,769.0599975585938,0.002097856537885079,0.00209783741736147,1.9120523608862072e-08
2026-08-20,762.6,762.5999755859375,-0.008399864769978782,-0.008399893367440514,2.859746173200506e-08
2026-08-21,765.72,765.719970703125,0.004091266719118858,0.0040912604472485015,6.2718703564002e-09
2026-08-24,763.47,763.469970703125,-0.002938410907381339,-0.0029384110198065194,1.12425180276432e-10
2026-08-25,765.91,765.9099731445312,0.003195934352364871,0.003195937672779925,3.3204150540200317e-09
2026-08-26,766.08,766.0800170898438,0.0002219581935214432,0.0002220155779071309,5.738438568769766e-08
2026-08-27,771.1,771.0999755859375,0.0065528404344192825,0.006552786111251541,5.4323167741898715e-08
2026-08-28,769.35,769.3499755859375,-0.0022694851510828284,-0.002269485222937795,7.185496642136968e-11
2026-08-31,767.05,767.0499877929688,-0.002989536621823663,-0.002989520850009919,1.577181374390335e-08
2026-09-01,761.78,761.780029296875,-0.006870477804575947,-0.0068704238054380085,5.3999137938909314e-08
2026-09-02,765.16,765.1599731445312,0.004436976554910821,0.004436902672253051,7.388265776953062e-08
2026-09-03,773.17,773.1699829101562,0.010468398766271036,0.01046841189654324,1.3130272202843685e-08
2026-09-04,770.19,770.1900024414062,-0.0038542623226456296,-0.0038542371465761782,2.5176069451404715e-08
2026-09-08,765.96,765.9600219726562,-0.005492151287344704,-0.0054921259109329545,2.537641174971128e-08
2026-09-09,762.4,762.4000244140625,-0.004647762285236889,-0.004647758964528403,3.32070848596544e-09
2026-09-10,757.83,757.8300170898438,-0.005994228751311614,-0.005994238166152965,9.414841350974257e-09
2026-09-11,764.29,764.2899780273438,0.008524339231753775,0.008524287494320992,5.173743278241716e-08
2026-09-14,760.88,760.8800048828125,-0.004461657224351989,-0.00446162221482016,3.500953182911104e-08
2026-09-15,757.39,757.3900146484375,-0.00458679423825048,-0.004586781374170235,1.2864080245478249e-08
