window,genome,horizon,stop_ev,hold_ev
02-05,1660,2,0.02418762445449829,0.02418762445449829
02-05,1660,3,0.03463389724493027,0.03463389724493027
02-05,1660,4,0.03902411460876465,0.03730202466249466
02-05,1660,5,0.0380873866379261,0.035146236419677734
02-05,2340,2,-0.00019641545077320188,-0.00019641545077320188
02-05,2340,3,0.0028119985945522785,0.0028119985945522785
02-05,2340,4,0.0025046442169696093,0.0028591586742550135
02-05,2340,5,0.004510489758104086,0.004305269103497267
02-05,2992,2,-0.0030408576130867004,-0.0030408576130867004
02-05,2992,3,0.003501868573948741,0.0061553725972771645
02-05,2992,4,0.004584283102303743,0.010093221440911293
02-05,2992,5,0.014445072039961815,0.014445072039961815
02-05,2254,2,0.0036989401560276747,0.0036989401560276747
02-05,2254,3,0.008991539478302002,0.008916613645851612
02-05,2254,4,0.005527281202375889,0.009499229490756989
02-05,2254,5,0.010427284985780716,0.01027754507958889
02-05,586,2,-0.0014751387061551213,-0.0014751387061551213
02-05,586,3,0.007652197498828173,0.00784972682595253
02-05,586,4,0.01389135979115963,0.016153743490576744
02-05,586,5,0.020737426355481148,0.021490121260285378
02-05,180,2,-0.008738115429878235,-0.008738115429878235
02-05,180,3,-0.00978025235235691,-0.00978025235235691
02-05,180,4,-0.007843018509447575,-0.008112486451864243
02-05,180,5,-0.01162070780992508,-0.012918487191200256
02-05,1922,2,-0.0009483403409831226,-0.0009483403409831226
02-05,1922,3,0.0027848538011312485,0.002727503888309002
02-05,1922,4,0.005421196110546589,0.004557062406092882
02-05,1922,5,0.00806714128702879,0.008250025101006031
02-05,2574,2,-0.002038322389125824,-0.002038322389125824
02-05,2574,3,0.0026797454338520765,0.0026797454338520765
02-05,2574,4,0.009723342023789883,0.01045787800103426
02-05,2574,5,0.010966203175485134,0.01658407784998417
02-05,3202,2,-0.0017697371076792479,-0.0017697371076792479
02-05,3202,3,0.00321625336073339,0.0025257121305912733
02-05,3202,4,0.006662989035248756,0.00570625439286232
02-05,3202,5,0.015340949408710003,0.01588940992951393
02-05,756,2,-0.003428949508816004,-0.003428949508816004
02-05,756,3,-0.0021526420023292303,-0.0021526420023292303
02-05,756,4,-0.003322574542835355,-0.003322574542835355
02-05,756,5,-0.0036739110946655273,-0.001477990299463272
02-05,1732,2,-0.010120924562215805,-0.010120924562215805
02-05,1732,3,-0.010585150681436062,-0.011117315851151943
02-05,1732,4,-0.009584031999111176,-0.011535264551639557
02-05,1732,5,-0.00779412966221571,-0.009343239478766918
02-05,996,2,-0.0018019708804786205,-0.0018019708804786205
02-05,996,3,0.0015928767388686538,0.0008324494701810181
02-05,996,4,0.004263130947947502,0.004263130947947502
02-05,996,5,0.0030068245250731707,0.0046407729387283325
02-05,1006,2,0.0020481557585299015,0.0020481557585299015
02-05,1006,3,0.007628412451595068,0.007411428727209568
02-05,1006,4,0.012727570720016956,0.013676963746547699
02-05,1006,5,0.01795261539518833,0.018832487985491753
02-05,1998,2,-0.0070396605879068375,-0.0070396605879068375
02-05,1998,3,-0.0013961242511868477,-0.0013961242511868477
02-05,1998,4,-0.0004853774735238403,0.0012397258542478085
02-05,1998,5,0.0037786290049552917,0.005334651563316584
02-05,974,2,-0.012946697883307934,-0.012946697883307934
02-05,974,3,-0.014242527075111866,-0.014242527075111866
02-05,974,4,-0.01079325471073389,-0.010967744514346123
02-05,974,5,-0.011511646211147308,-0.012672719545662403
02-05,798,2,-0.0022702061105519533,-0.0022702061105519533
02-05,798,3,0.0003378446854185313,0.0008999850251711905
02-05,798,4,0.002358871279284358,0.003192707197740674
02-05,798,5,0.0015311792958527803,0.005727728828787804
02-05,2234,2,-0.0072392914444208145,-0.0072392914444208145
02-05,2234,3,-0.002521297661587596,-0.002653556177392602
02-05,2234,4,-0.0001670211204327643,0.0014409527648240328
02-05,2234,5,0.004944900516420603,0.004859152249991894
02-05,312,2,-0.034016795456409454,-0.034016795456409454
02-05,312,3,-0.05065349116921425,-0.05436697602272034
02-05,312,4,-0.04977639392018318,-0.05584787577390671
02-05,312,5,-0.030651409178972244,-0.024261528626084328
02-05,2182,2,-0.005916649010032415,-0.005916649010032415
02-05,2182,3,-0.0027031709905713797,-0.0026331155095249414
02-05,2182,4,-0.002882174216210842,-0.000578817562200129
02-05,2182,5,0.0020108220633119345,0.0021959017030894756
02-05,4298,2,0.0020598960109055042,0.0020598960109055042
02-05,4298,3,-0.00024376105284318328,0.00010070783901028335
02-05,4298,4,-0.0006230503786355257,0.0018075709231197834
02-05,4298,5,0.0046812803484499454,0.008114941418170929
02-05,1014,2,-0.007905179634690285,-0.007905179634690285
02-05,1014,3,-0.002765406621620059,-0.0015005044406279922
02-05,1014,4,-0.003909229766577482,-0.002242596819996834
02-05,1014,5,-0.0016040157061070204,-0.00316243851557374
02-05,540,2,-0.007050772663205862,-0.007050772663205862
02-05,540,3,-0.001040255301631987,-0.0013155114138498902
02-05,540,4,-0.00257324636913836,-0.0029858574271202087
02-05,540,5,-0.0006925706984475255,-0.0020838461350649595
02-05,1010,2,-0.004364170134067535,-0.004364170134067535
02-05,1010,3,-0.005147507879883051,-0.005147507879883051
02-05,1010,4,-0.004742578137665987,-0.005598185118287802
02-05,1010,5,-0.0038471422158181667,-0.005307611543685198
06-10,1660,6,0.030089402571320534,0.030089402571320534
06-10,1660,7,0.03160972148180008,0.03160972148180008
06-10,1660,8,0.03319938853383064,0.03319938853383064
06-10,1660,9,0.028632815927267075,0.028632815927267075
06-10,1660,10,0.023103753104805946,0.023103753104805946
06-10,180,6,-0.01292399037629366,-0.011008999310433865
06-10,180,7,-0.013196413405239582,-0.009874868206679821
06-10,180,8,-0.013531435281038284,-0.012808586470782757
06-10,180,9,-0.011068509891629219,-0.01393591333180666
06-10,180,10,-0.01470954529941082,-0.01717379502952099
06-10,1366,6,-0.052325278520584106,-0.057830892503261566
06-10,1366,7,-0.06345078349113464,-0.06345078349113464
06-10,1366,8,-0.06497219949960709,-0.06497219949960709
06-10,1366,9,-0.06577080488204956,-0.06577080488204956
06-10,1366,10,-0.06531906872987747,-0.06531906872987747
06-10,2340,6,0.004286538809537888,0.003651158418506384
06-10,2340,7,0.002648928202688694,0.0065115527249872684
06-10,2340,8,0.0016851172549650073,0.004133556038141251
06-10,2340,9,0.004582754336297512,0.004582754336297512
06-10,2340,10,0.002976967953145504,0.00505796866491437
06-10,3202,6,0.017275027930736542,0.019107766449451447
06-10,3202,7,0.021735789254307747,0.02219516970217228
06-10,3202,8,0.011589006520807743,0.010427060537040234
06-10,3202,9,0.01044308952987194,0.00983758270740509
06-10,3202,10,0.009884972125291824,0.009657413698732853
06-10,1570,6,0.017756648361682892,0.017756648361682892
06-10,1570,7,0.018256591632962227,0.018256591632962227
06-10,1570,8,0.0212271586060524,0.0212271586060524
06-10,1570,9,0.014613079838454723,0.023865748196840286
06-10,1570,10,0.02931966818869114,0.02931966818869114
06-10,312,6,-0.02536153607070446,-0.017382333055138588
06-10,312,7,-0.031738925725221634,-0.026135336607694626
06-10,312,8,-0.02977239340543747,-0.016110941767692566
06-10,312,9,-0.02752448059618473,0.007066973019391298
06-10,312,10,-0.027028629556298256,0.017318883910775185
06-10,2376,6,-0.033290795981884,-0.020442163571715355
06-10,2376,7,-0.018902050331234932,-0.015959281474351883
06-10,2376,8,-0.02694082260131836,-0.016560271382331848
06-10,2376,9,-0.02759178727865219,-0.02307993732392788
06-10,2376,10,-0.02852892503142357,-0.02761337347328663
06-10,1006,6,0.022171197459101677,0.024892721325159073
06-10,1006,7,0.023847848176956177,0.027101146057248116
06-10,1006,8,0.026456071063876152,0.029683396220207214
06-10,1006,9,0.02544720470905304,0.029263656586408615
06-10,1006,10,0.030195612460374832,0.030195612460374832
06-10,1478,6,0.045808881521224976,0.051603659987449646
06-10,1478,7,0.04441595450043678,0.04759101942181587
06-10,1478,8,0.050869669765233994,0.05457374453544617
06-10,1478,9,0.03503100574016571,0.037023961544036865
06-10,1478,10,0.02885032445192337,0.023250991478562355
06-10,540,6,0.0015424519078806043,0.003602240700274706
06-10,540,7,0.0034268430899828672,0.006693518720567226
06-10,540,8,0.004391864407807589,0.006345557980239391
06-10,540,9,0.002863915404304862,0.007937446236610413
06-10,540,10,0.0022892265114933252,0.00958454143255949
06-10,426,6,-0.002948374254629016,0.0015503844479098916
06-10,426,7,-0.002195031614974141,0.0032658919226378202
06-10,426,8,-0.0014395804610103369,0.003415883518755436
06-10,426,9,-0.0006013619713485241,0.007272040005773306
06-10,426,10,-0.0003916459099855274,0.008215791545808315
06-10,586,6,0.02236785553395748,0.022892450913786888
06-10,586,7,0.022203117609024048,0.023415518924593925
06-10,586,8,0.022427232936024666,0.02466229721903801
06-10,586,9,0.023161644116044044,0.02605840191245079
06-10,586,10,0.02628253772854805,0.02917991578578949
06-10,1034,6,0.0006670637521892786,0.004519985523074865
06-10,1034,7,-0.00534680113196373,-0.001669467194005847
06-10,1034,8,0.0019088038243353367,0.007476917468011379
06-10,1034,9,0.0033474662341177464,0.007593708112835884
06-10,1034,10,-0.0005123629816807806,0.009986485354602337
06-10,1734,6,0.001849678810685873,0.001849678810685873
06-10,1734,7,0.005057058297097683,0.0029102691914886236
06-10,1734,8,0.0048186578787863255,0.0048186578787863255
06-10,1734,9,0.003791410941630602,0.00728852953761816
06-10,1734,10,0.006813977845013142,0.007715076673775911
06-10,2124,6,0.020062118768692017,0.023657595738768578
06-10,2124,7,0.018172742798924446,0.02170666493475437
06-10,2124,8,0.019340505823493004,0.023574473336338997
06-10,2124,9,0.021798476576805115,0.027070924639701843
06-10,2124,10,0.024603908881545067,0.03126797452569008
06-10,2234,6,0.005769945215433836,0.005112375132739544
06-10,2234,7,0.004623526707291603,0.004159340634942055
06-10,2234,8,0.0027146898210048676,0.003629007376730442
06-10,2234,9,0.0020164810121059418,0.004523996729403734
06-10,2234,10,0.0012627628166228533,0.004923899658024311
06-10,2182,6,0.005247148219496012,0.00525616155937314
06-10,2182,7,0.007996962405741215,0.007996962405741215
06-10,2182,8,0.00653457036241889,0.00653457036241889
06-10,2182,9,0.008697571232914925,0.008697571232914925
06-10,2182,10,0.008933499455451965,0.012396854348480701
06-10,4320,6,0.021570665761828423,0.024644600227475166
06-10,4320,7,0.026295499876141548,0.030416952446103096
06-10,4320,8,0.024962525814771652,0.035939477384090424
06-10,4320,9,0.02637881599366665,0.0416598878800869
06-10,4320,10,0.039121080189943314,0.04648793861269951
06-10,2800,6,-0.0006922341999597847,0.0001576385402586311
06-10,2800,7,0.0013497211039066315,0.0015780840767547488
06-10,2800,8,0.0025176831986755133,0.0061509315855801105
06-10,2800,9,0.003358337329700589,0.008273860439658165
06-10,2800,10,0.004037020727992058,0.011756607331335545
06-10,1732,6,-0.00867441762238741,-0.008695753291249275
06-10,1732,7,-0.008873180486261845,-0.006305331829935312
06-10,1732,8,-0.010557707399129868,-0.007136973552405834
06-10,1732,9,-0.009360456839203835,-0.00616978807374835
06-10,1732,10,-0.010136554948985577,-0.0043963114731013775
06-10,3820,6,0.004049306735396385,0.014031306840479374
06-10,3820,7,0.011003637686371803,0.021057868376374245
06-10,3820,8,0.0363532193005085,0.0363532193005085
06-10,3820,9,0.04156038537621498,0.04156038537621498
06-10,3820,10,0.045368485152721405,0.045368485152721405
06-10,1014,6,0.0010319488355889916,0.0002791612350847572
06-10,1014,7,0.004636104218661785,0.004634954500943422
06-10,1014,8,0.0070831929333508015,0.007367744576185942
06-10,1014,9,0.0002936442324426025,0.007341153919696808
06-10,1014,10,0.008822079747915268,0.007769682910293341
06-10,1224,6,0.003099920228123665,0.004938085563480854
06-10,1224,7,0.005604415200650692,0.007254785858094692
06-10,1224,8,0.0027549073565751314,0.0046509746462106705
06-10,1224,9,0.003670956939458847,0.007120724767446518
06-10,1224,10,0.003982832655310631,0.008508889004588127
11-15,1660,11,0.026321612298488617,0.026321612298488617
11-15,1660,12,0.008612164296209812,0.024901561439037323
11-15,1660,13,0.008266501128673553,0.02001475729048252
11-15,1660,14,0.007530817296355963,0.013369341380894184
11-15,1660,15,0.014714987948536873,0.014714987948536873
11-15,706,11,0.02370440773665905,0.04804253950715065
11-15,706,12,0.025044463574886322,0.0511707104742527
11-15,706,13,0.02672373130917549,0.05570331588387489
11-15,706,14,0.02866002358496189,0.05919502675533295
11-15,706,15,0.027942907065153122,0.0634842962026596
11-15,2298,11,0.0169850941747427,0.018150240182876587
11-15,2298,12,0.025536224246025085,0.025536224246025085
11-15,2298,13,0.03354063257575035,0.03354063257575035
11-15,2298,14,0.02891538292169571,0.03805842995643616
11-15,2298,15,0.039159197360277176,0.039159197360277176
11-15,2800,11,0.005178493447601795,0.012584555894136429
11-15,2800,12,0.005507942754775286,0.016465002670884132
11-15,2800,13,0.00627356069162488,0.018156250938773155
11-15,2800,14,0.006646465975791216,0.02029813639819622
11-15,2800,15,0.0076768286526203156,0.023916807025671005
11-15,586,11,0.03195500746369362,0.03342071920633316
11-15,586,12,0.03709283098578453,0.03866606950759888
11-15,586,13,0.04251491650938988,0.04396381974220276
11-15,586,14,0.04857231304049492,0.05009785294532776
11-15,586,15,0.049013521522283554,0.05037136375904083
11-15,3820,11,0.04504527896642685,0.04504527896642685
11-15,3820,12,0.05260244756937027,0.05260244756937027
11-15,3820,13,0.0567484013736248,0.0567484013736248
11-15,3820,14,0.06113225594162941,0.06113225594162941
11-15,3820,15,0.060251250863075256,0.060251250863075256
11-15,1008,11,0.06917709857225418,0.07539805769920349
11-15,1008,12,0.07335204631090164,0.08314603567123413
11-15,1008,13,0.09104771167039871,0.088813915848732
11-15,1008,14,0.09992582350969315,0.09677266329526901
11-15,1008,15,0.10770881175994873,0.104738749563694
11-15,4320,11,0.030544821172952652,0.055140215903520584
11-15,4320,12,0.032282739877700806,0.06067479029297829
11-15,4320,13,0.03399860858917236,0.0671549066901207
11-15,4320,14,0.06300855427980423,0.07307703793048859
11-15,4320,15,0.06938917934894562,0.0792882889509201
11-15,3202,11,0.011469502933323383,0.011214409954845905
11-15,3202,12,0.008185896091163158,0.008370139636099339
11-15,3202,13,0.007913989014923573,0.007930184714496136
11-15,3202,14,0.005838102661073208,0.005424050614237785
11-15,3202,15,0.006310015916824341,0.00534635316580534
11-15,1732,11,-0.014500756748020649,-0.003925508353859186
11-15,1732,12,-0.015932047739624977,-0.0033668281976133585
11-15,1732,13,-0.01928868144750595,-0.010613122023642063
11-15,1732,14,-0.0226263590157032,-0.01280919834971428
11-15,1732,15,-0.026456844061613083,-0.014066818170249462
11-15,2990,11,0.019528767094016075,0.019528767094016075
11-15,2990,12,0.023361923173069954,0.023361923173069954
11-15,2990,13,0.03389823064208031,0.03389823064208031
11-15,2990,14,0.04203009977936745,0.04203009977936745
11-15,2990,15,0.04985636845231056,0.04985636845231056
11-15,2182,11,0.01411678921431303,0.01411678921431303
11-15,2182,12,0.015671605244278908,0.015671605244278908
11-15,2182,13,0.01991463638842106,0.01991463638842106
11-15,2182,14,0.023353639990091324,0.023353639990091324
11-15,2182,15,0.027863331139087677,0.027863331139087677
11-15,312,11,-0.027242198586463928,0.024187147617340088
11-15,312,12,-0.03532959148287773,0.009396414272487164
11-15,312,13,-0.03195413202047348,0.019340109080076218
11-15,312,14,0.020873388275504112,0.020873388275504112
11-15,312,15,0.013553638011217117,0.013553638011217117
11-15,1478,11,0.02437213994562626,0.025854846462607384
11-15,1478,12,0.02058861404657364,0.023591799661517143
11-15,1478,13,0.01995857059955597,0.03912537917494774
11-15,1478,14,0.036774128675460815,0.036774128675460815
11-15,1478,15,0.021053070202469826,0.021053070202469826
11-15,2234,11,0.00019510756828822196,0.0019602032843977213
11-15,2234,12,0.0009726004209369421,0.0014407183043658733
11-15,2234,13,0.002886821748688817,0.0006103272316977382
11-15,2234,14,0.00450875936076045,0.0032985215075314045
11-15,2234,15,0.0030009220354259014,0.0026277697179466486
11-15,540,11,0.0022840388119220734,0.014668963849544525
11-15,540,12,0.002146057551726699,0.015005197376012802
11-15,540,13,-0.001304611680097878,0.017912155017256737
11-15,540,14,-0.0023198071867227554,0.020136486738920212
11-15,540,15,0.003972899168729782,0.027609599754214287
11-15,1006,11,0.02942001260817051,0.02942001260817051
11-15,1006,12,0.031011419370770454,0.031011419370770454
11-15,1006,13,0.034520044922828674,0.034520044922828674
11-15,1006,14,0.03599776327610016,0.03599776327610016
11-15,1006,15,0.04074610769748688,0.04074610769748688
11-15,1570,11,0.025221679359674454,0.03378057852387428
11-15,1570,12,0.03077632747590542,0.03718132898211479
11-15,1570,13,0.03540883585810661,0.045852504670619965
11-15,1570,14,0.04043787717819214,0.05355491489171982
11-15,1570,15,0.04333421215415001,0.061375830322504044
11-15,976,11,0.01162941474467516,0.01706402190029621
11-15,976,12,0.019596047699451447,0.019596047699451447
11-15,976,13,0.01888672448694706,0.01888672448694706
11-15,976,14,0.029346849769353867,0.029346849769353867
11-15,976,15,0.03064117208123207,0.03064117208123207
11-15,2124,11,0.02612602524459362,0.03358636051416397
11-15,2124,12,0.034187961369752884,0.03968741372227669
11-15,2124,13,0.0398058257997036,0.05001933500170708
11-15,2124,14,0.05951664224267006,0.05951664224267006
11-15,2124,15,0.06520602107048035,0.06520602107048035
11-15,1034,11,0.0033215926960110664,0.011978904716670513
11-15,1034,12,0.00439344672486186,0.011688955128192902
11-15,1034,13,0.003272528061643243,0.01583264023065567
11-15,1034,14,0.009410690516233444,0.021623928099870682
11-15,1034,15,0.001786360633559525,0.016520924866199493
11-15,1952,11,0.01712811179459095,0.03983684256672859
11-15,1952,12,0.013066950254142284,0.04485807195305824
11-15,1952,13,0.013517049141228199,0.05047847330570221
11-15,1952,14,0.012926310300827026,0.05499069020152092
11-15,1952,15,0.01265240553766489,0.06242037191987038
11-15,180,11,-0.01310650072991848,-0.015184285119175911
11-15,180,12,-0.012963877059519291,-0.015287148766219616
11-15,180,13,-0.009951913729310036,-0.017519284039735794
11-15,180,14,-0.009361636824905872,-0.01532476581633091
11-15,180,15,-0.008747383952140808,-0.013939570635557175
16-20,1952,16,0.012250546365976334,0.06915267556905746
16-20,1952,17,0.012251107953488827,0.072426438331604
16-20,1952,18,0.012152708135545254,0.07547694444656372
16-20,1952,19,0.012066054157912731,0.07640980929136276
16-20,1952,20,0.012343689799308777,0.08029921352863312
16-20,1498,16,0.006237603724002838,0.002356561366468668
16-20,1498,17,0.006742034573107958,0.0003565012011677027
16-20,1498,18,0.00731439795345068,0.0016082036308944225
16-20,1498,19,0.009558813646435738,0.003371943486854434
16-20,1498,20,0.015288589522242546,0.007672794628888369
16-20,3822,16,0.0065931519493460655,0.025088084861636162
16-20,3822,17,0.022649571299552917,0.02524404227733612
16-20,3822,18,0.020276006311178207,0.023909900337457657
16-20,3822,19,0.006312088575214148,0.02342705801129341
16-20,3822,20,0.007577651645988226,0.02483847737312317
16-20,976,16,0.03418118134140968,0.03418118134140968
16-20,976,17,0.036472346633672714,0.036472346633672714
16-20,976,18,0.037974003702402115,0.037974003702402115
16-20,976,19,0.027269897982478142,0.027269897982478142
16-20,976,20,0.027434827759861946,0.027434827759861946
16-20,722,16,-0.008182243444025517,0.02757849171757698
16-20,722,17,-0.009022794663906097,0.028035229071974754
16-20,722,18,-0.009211655706167221,0.028709691017866135
16-20,722,19,-0.008983898907899857,0.030635638162493706
16-20,722,20,-0.008889555931091309,0.02805444598197937
16-20,3292,16,0.0042646778747439384,0.009935233741998672
16-20,3292,17,0.004686338827013969,0.011578675359487534
16-20,3292,18,0.004574358928948641,0.010685883462429047
16-20,3292,19,0.004320238716900349,0.010340736247599125
16-20,3292,20,0.00346112297847867,0.009913700632750988
16-20,1878,16,-0.009860077872872353,-0.009860077872872353
16-20,1878,17,-0.007885359227657318,-0.007885359227657318
16-20,1878,18,-0.009480942972004414,-0.009480942972004414
16-20,1878,19,-0.005039913114160299,-0.005039913114160299
16-20,1878,20,-0.004864680115133524,-0.004864680115133524
16-20,1120,16,-0.0035937291104346514,-0.0035937291104346514
16-20,1120,17,-0.007274256553500891,-0.007274256553500891
16-20,1120,18,-0.010753726586699486,-0.010753726586699486
16-20,1120,19,-0.011987336911261082,-0.011987336911261082
16-20,1120,20,-0.014362835325300694,-0.014362835325300694
16-20,3842,16,0.00425174692645669,0.015534116886556149
16-20,3842,17,0.003542603924870491,0.014879441820085049
16-20,3842,18,0.002361473860219121,0.011873727664351463
16-20,3842,19,0.002604290610179305,0.011489475145936012
16-20,3842,20,0.0029823414515703917,0.012029432691633701
16-20,274,16,-0.005749946925789118,-0.005749946925789118
16-20,274,17,-0.004094545263797045,-0.004094545263797045
16-20,274,18,-0.00718088960275054,-0.00718088960275054
16-20,274,19,-0.006957033649086952,-0.006957033649086952
16-20,274,20,-0.008203024044632912,-0.008203024044632912
16-20,2930,16,0.026524143293499947,0.03155428543686867
16-20,2930,17,0.02589840441942215,0.031190073117613792
16-20,2930,18,0.027975326403975487,0.03441258519887924
16-20,2930,19,0.02899438887834549,0.03446836769580841
16-20,2930,20,0.029895585030317307,0.03509411960840225
16-20,978,16,-0.004711447283625603,0.005772270727902651
16-20,978,17,-0.004729894921183586,0.008342326618731022
16-20,978,18,-0.003248178865760565,0.009585577994585037
16-20,978,19,-0.003282144432887435,0.013075255788862705
16-20,978,20,-0.003053533611819148,0.009832174517214298
16-20,352,16,0.027027830481529236,0.031957440078258514
16-20,352,17,0.03245379403233528,0.03245379403233528
16-20,352,18,0.03565407544374466,0.03565407544374466
16-20,352,19,0.03835385665297508,0.0401667021214962
16-20,352,20,0.03916335850954056,0.03893013671040535
16-20,1550,16,-0.009171580895781517,-0.006518138572573662
16-20,1550,17,-0.006104849744588137,-0.00595488166436553
16-20,1550,18,-0.005244342610239983,-0.003688853234052658
16-20,1550,19,-0.005017447285354137,-0.0038845071103423834
16-20,1550,20,-0.003923858981579542,-0.0043167732656002045
16-20,828,16,0.014983545057475567,0.045266471803188324
16-20,828,17,0.017456496134400368,0.04635779187083244
16-20,828,18,-0.0054504480212926865,0.04567813128232956
16-20,828,19,-0.0051272218115627766,0.044599808752536774
16-20,828,20,-0.0051272218115627766,0.043496839702129364
16-20,1122,16,0.028964057564735413,0.028964057564735413
16-20,1122,17,0.02727869153022766,0.02727869153022766
16-20,1122,18,0.02924838662147522,0.02924838662147522
16-20,1122,19,0.03427979722619057,0.03427979722619057
16-20,1122,20,-0.02424432896077633,0.04038574919104576
16-20,1444,16,-0.0024780735839158297,0.0010472680442035198
16-20,1444,17,-0.0032303370535373688,-0.00018559386080596596
16-20,1444,18,-0.0019174875924363732,0.0007875521550886333
16-20,1444,19,-0.001969660632312298,0.002491937717422843
16-20,1444,20,-0.0024071265943348408,0.002542506903409958
16-20,3976,16,0.0013455563457682729,0.0013455563457682729
16-20,3976,17,-0.0005671317921951413,-0.0005671317921951413
16-20,3976,18,-0.001945702824741602,-0.001945702824741602
16-20,3976,19,-0.0018492700764909387,-0.0018492700764909387
16-20,3976,20,4.1938961658161134e-05,4.1938961658161134e-05
21-25,2298,21,0.06151976436376572,0.06151976436376572
21-25,2298,22,0.060139719396829605,0.060139719396829605
21-25,2298,23,0.060199253261089325,0.060199253261089325
21-25,2298,24,0.06205509230494499,0.06205509230494499
21-25,2298,25,0.06453588604927063,0.06453588604927063
21-25,1128,21,0.09478455036878586,0.09478455036878586
21-25,1128,22,0.09685482084751129,0.09685482084751129
21-25,1128,23,0.09819917380809784,0.09819917380809784
21-25,1128,24,0.09640293568372726,0.09640293568372726
21-25,1128,25,0.09527046233415604,0.09527046233415604
21-25,1672,21,0.023675378412008286,0.02787388116121292
21-25,1672,22,0.02229263447225094,0.029255259782075882
21-25,1672,23,0.023572199046611786,0.03151100128889084
21-25,1672,24,0.025519607588648796,0.033449433743953705
21-25,1672,25,0.026798957958817482,0.035946108400821686
21-25,2164,21,-0.01710343360900879,0.006185062695294619
21-25,2164,22,-0.016381200402975082,0.008729527704417706
21-25,2164,23,0.013022636994719505,0.013022636994719505
21-25,2164,24,0.013136313296854496,0.013136313296854496
21-25,2164,25,0.012987538240849972,0.012987538240849972
21-25,4298,21,0.022844696417450905,0.06997308135032654
21-25,4298,22,0.019974244758486748,0.06061863899230957
21-25,4298,23,0.01705935411155224,0.048679471015930176
21-25,4298,24,0.015995318070054054,0.044135935604572296
21-25,4298,25,0.015099532902240753,0.04010569304227829
21-25,592,21,0.00751893687993288,0.021437684074044228
21-25,592,22,0.004135881084948778,0.01535608246922493
21-25,592,23,-0.00028387512429617345,0.009806987829506397
21-25,592,24,-0.002482364187017083,0.00683484086766839
21-25,592,25,-0.0016112057492136955,0.01159678678959608
21-25,1898,21,0.02127128280699253,0.07001668214797974
21-25,1898,22,0.02058437466621399,0.07234220951795578
21-25,1898,23,0.0203537754714489,0.07879050076007843
21-25,1898,24,0.022423289716243744,0.08158785849809647
21-25,1898,25,0.01903964951634407,0.08105930685997009
21-25,806,21,0.007980193011462688,0.007980193011462688
21-25,806,22,0.00689125107601285,0.00689125107601285
21-25,806,23,0.007087312638759613,0.007087312638759613
21-25,806,24,0.008468501269817352,0.008468501269817352
21-25,806,25,0.009974796324968338,0.009974796324968338
21-25,172,21,0.05307567119598389,0.05307567119598389
21-25,172,22,0.04810531437397003,0.04810531437397003
21-25,172,23,0.04893134906888008,0.04893134906888008
21-25,172,24,0.051730699837207794,0.051730699837207794
21-25,172,25,0.05558541789650917,0.05558541789650917
21-25,4082,21,0.015757761895656586,0.027424737811088562
21-25,4082,22,0.012315862812101841,0.02787208929657936
21-25,4082,23,0.016971074044704437,0.02971368283033371
21-25,4082,24,0.018124131485819817,0.02684485912322998
21-25,4082,25,0.020318370312452316,0.0273954626172781
21-25,756,21,-0.007093335036188364,-0.007093335036188364
21-25,756,22,-0.009200444445014,-0.009200444445014
21-25,756,23,-0.006589602213352919,-0.006589602213352919
21-25,756,24,-0.0029797181487083435,-0.0029797181487083435
21-25,756,25,0.0011321906931698322,0.0011321906931698322
21-25,452,21,-0.006592972204089165,-0.0023545336443930864
21-25,452,22,-0.004329781047999859,-0.00042517425026744604
21-25,452,23,-0.004870677832514048,0.010242188349366188
21-25,452,24,-0.0033502383157610893,0.004619208630174398
21-25,452,25,-0.00296015408821404,0.004511787090450525
21-25,1568,21,0.048684969544410706,0.048684969544410706
21-25,1568,22,0.05134391784667969,0.05134391784667969
21-25,1568,23,0.05108986049890518,0.05108986049890518
21-25,1568,24,0.05349257215857506,0.05349257215857506
21-25,1568,25,0.05243091285228729,0.05243091285228729
21-25,1014,21,0.007435276173055172,0.011011874303221703
21-25,1014,22,0.0077011859975755215,0.015324017964303493
21-25,1014,23,0.007751926314085722,0.01586528867483139
21-25,1014,24,0.007746970746666193,0.011999048292636871
21-25,1014,25,0.007710897829383612,0.013904980383813381
21-25,1082,21,0.0032455523032695055,0.018351305276155472
21-25,1082,22,0.004989480134099722,0.02055571973323822
21-25,1082,23,0.0062935324385762215,0.022180523723363876
21-25,1082,24,0.007219910155981779,0.02291591465473175
21-25,1082,25,0.0075857266783714294,0.024355756118893623
21-25,3278,21,0.004201890435069799,0.008571169339120388
21-25,3278,22,0.004803759511560202,0.00910193007439375
21-25,3278,23,0.005491883493959904,0.009073462337255478
21-25,3278,24,0.006300007458776236,0.01013033278286457
21-25,3278,25,0.004228493198752403,0.008903790265321732
21-25,394,21,0.00667818496003747,0.012549825012683868
21-25,394,22,0.00669357692822814,0.013941074721515179
21-25,394,23,0.00999631267040968,0.02013246901333332
21-25,394,24,0.0014834910398349166,0.014189890585839748
21-25,394,25,0.007501959800720215,0.007501959800720215
21-25,2066,21,0.05046452581882477,0.06215333566069603
21-25,2066,22,0.05236693471670151,0.06299528479576111
21-25,2066,23,0.05261281505227089,0.06167205423116684
21-25,2066,24,0.04498842731118202,0.05343244969844818
21-25,2066,25,0.04045629873871803,0.045148417353630066
21-25,3662,21,0.017277564853429794,0.017277564853429794
21-25,3662,22,0.015191806480288506,0.015191806480288506
21-25,3662,23,0.0012720637023448944,0.016486434265971184
21-25,3662,24,0.010763352736830711,0.010763352736830711
21-25,3662,25,-0.0035411666613072157,0.01026710495352745
21-25,2274,21,0.004927817732095718,0.004927817732095718
21-25,2274,22,0.007990283891558647,0.007990283891558647
21-25,2274,23,0.008434855379164219,0.008434855379164219
21-25,2274,24,0.006599707994610071,0.006599707994610071
21-25,2274,25,0.003928613383322954,0.003928613383322954
21-25,2076,21,0.04541816562414169,0.04541816562414169
21-25,2076,22,0.04573693871498108,0.04573693871498108
21-25,2076,23,0.03067016415297985,0.04612129554152489
21-25,2076,24,0.03555193543434143,0.051662467420101166
21-25,2076,25,0.031741369515657425,0.05027079954743385
21-25,2144,21,-0.007330949883908033,-0.003019023220986128
21-25,2144,22,-0.009754869155585766,-0.004636794328689575
21-25,2144,23,-0.010537322610616684,-0.0059868767857551575
21-25,2144,24,-0.009845993481576443,-0.00796702690422535
21-25,2144,25,-0.010689455084502697,-0.010044454596936703
21-25,1074,21,0.01246852520853281,0.017920583486557007
21-25,1074,22,0.013272680342197418,0.019530875608325005
21-25,1074,23,0.011199976317584515,0.020059050992131233
21-25,1074,24,0.012584465555846691,0.019635768607258797
21-25,1074,25,0.012183396145701408,0.019853662699460983
21-25,3212,21,-0.011035600677132607,-0.012181755155324936
21-25,3212,22,-0.01282854750752449,-0.01282854750752449
21-25,3212,23,-0.011738375760614872,-0.01317860372364521
21-25,3212,24,-0.018339674919843674,-0.013118365779519081
21-25,3212,25,-0.01941700093448162,-0.01389280240982771
26-30,1660,26,0.2095504105091095,0.2095504105091095
26-30,1660,27,0.20025357604026794,0.20025357604026794
26-30,1660,28,0.21983812749385834,0.21983812749385834
26-30,1660,29,0.2226681262254715,0.2226681262254715
26-30,1660,30,0.25361427664756775,0.25361427664756775
26-30,586,26,0.07518776506185532,0.0853058323264122
26-30,586,27,0.07597975432872772,0.08731172978878021
26-30,586,28,0.07739071547985077,0.09010542184114456
26-30,586,29,0.07838957011699677,0.09257407486438751
26-30,586,30,0.0806797668337822,0.09499900788068771
26-30,2800,26,0.02618248015642166,0.04672214761376381
26-30,2800,27,0.0245423074811697,0.04523395374417305
26-30,2800,28,0.006852737627923489,0.049008261412382126
26-30,2800,29,0.007051937282085419,0.053123101592063904
26-30,2800,30,0.032626282423734665,0.05564035475254059
26-30,2234,26,0.005152019672095776,0.008518648333847523
26-30,2234,27,0.0042329453863203526,0.00848494004458189
26-30,2234,28,0.0027203820645809174,0.005996898282319307
26-30,2234,29,0.002848283387720585,0.006861555390059948
26-30,2234,30,0.003262866986915469,0.007385529577732086
26-30,1006,26,0.0937063992023468,0.0937063992023468
26-30,1006,27,0.09623872488737106,0.09623872488737106
26-30,1006,28,0.09014377743005753,0.1006603017449379
26-30,1006,29,0.09299735724925995,0.10556896030902863
26-30,1006,30,0.09382171183824539,0.10578589141368866
26-30,1732,26,-0.02833201363682747,-0.010798835195600986
26-30,1732,27,-0.029332080855965614,-0.009979527443647385
26-30,1732,28,-0.03041600063443184,-0.009631145745515823
26-30,1732,29,-0.03134467825293541,-0.012553544715046883
26-30,1732,30,-0.03050304390490055,-0.013994853012263775
26-30,2572,26,0.017762241885066032,0.02968674525618553
26-30,2572,27,0.017941735684871674,0.031070204451680183
26-30,2572,28,0.00336999143473804,0.03543616458773613
26-30,2572,29,0.014608848839998245,0.0317188985645771
26-30,2572,30,-0.0012804336147382855,0.03469032421708107
26-30,706,26,0.047992043197155,0.11449593305587769
26-30,706,27,0.048884328454732895,0.11326920241117477
26-30,706,28,0.05279936268925667,0.11597047001123428
26-30,706,29,0.054471880197525024,0.11846847832202911
26-30,706,30,0.0575191006064415,0.12194512039422989
26-30,3202,26,-0.006380717735737562,0.009069089777767658
26-30,3202,27,-0.009522424079477787,0.006717281881719828
26-30,3202,28,-0.0026753454003483057,0.009430297650396824
26-30,3202,29,-0.003914778586477041,0.011169109493494034
26-30,3202,30,0.0003887711791321635,0.010641341097652912
26-30,2124,26,0.05226081237196922,0.05226081237196922
26-30,2124,27,0.05028582736849785,0.05028582736849785
26-30,2124,28,0.041479066014289856,0.041479066014289856
26-30,2124,29,0.03268050029873848,0.03268050029873848
26-30,2124,30,0.02706201560795307,0.02706201560795307
26-30,2182,26,0.07010024040937424,0.07010024040937424
26-30,2182,27,0.07593546062707901,0.07593546062707901
26-30,2182,28,0.08257000148296356,0.08257000148296356
26-30,2182,29,0.09079250693321228,0.09079250693321228
26-30,2182,30,0.09975358098745346,0.09975358098745346
26-30,48,26,0.027138957753777504,0.10845717042684555
26-30,48,27,0.027268005535006523,0.11290328204631805
26-30,48,28,0.029366888105869293,0.1201346144080162
26-30,48,29,0.03122108243405819,0.12422557920217514
26-30,48,30,0.03213023021817207,0.12662994861602783
26-30,312,26,-0.010022163391113281,-0.010022163391113281
26-30,312,27,-0.019028568640351295,-0.019028568640351295
26-30,312,28,-0.02484239637851715,-0.02484239637851715
26-30,312,29,-0.030889268964529037,-0.030889268964529037
26-30,312,30,0.003697990905493498,-0.024285688996315002
26-30,4320,26,0.11327933520078659,0.14135943353176117
26-30,4320,27,0.11492285877466202,0.14192882180213928
26-30,4320,28,0.11478177458047867,0.1435583084821701
26-30,4320,29,0.11508353799581528,0.1446092277765274
26-30,4320,30,0.11504974216222763,0.14592599868774414
26-30,426,26,0.01747949793934822,0.039971329271793365
26-30,426,27,0.018048720434308052,0.04176691919565201
26-30,426,28,0.017599262297153473,0.043133445084095
26-30,426,29,0.018429432064294815,0.04597385972738266
26-30,426,30,0.019832344725728035,0.0517832413315773
26-30,482,26,0.01197150256484747,0.07271245121955872
26-30,482,27,0.012162758968770504,0.07438679784536362
26-30,482,28,0.011990083381533623,0.0734533965587616
26-30,482,29,0.011809587478637695,0.07356005907058716
26-30,482,30,0.011861761100590229,0.07278614491224289
26-30,1570,26,0.07610587030649185,0.07610587030649185
26-30,1570,27,0.07816141098737717,0.07816141098737717
26-30,1570,28,0.07653963565826416,0.07653963565826416
26-30,1570,29,0.07398584485054016,0.07398584485054016
26-30,1570,30,0.07134652882814407,0.07134652882814407
26-30,1034,26,0.003112773410975933,0.035597484558820724
26-30,1034,27,0.0017134809168055654,0.04269718751311302
26-30,1034,28,0.00554349971935153,0.04408548027276993
26-30,1034,29,0.002678926568478346,0.050344280898571014
26-30,1034,30,-0.0005686673102900386,0.03660420700907707
26-30,540,26,0.0013534638565033674,0.03764756768941879
26-30,540,27,0.0004050095158163458,0.034971557557582855
26-30,540,28,-0.0011488544987514615,0.0378330834209919
26-30,540,29,-0.002226080046966672,0.04930055886507034
26-30,540,30,0.0007003326318226755,0.04824976995587349
26-30,2990,26,0.04873557761311531,0.09400992095470428
26-30,2990,27,0.0942097157239914,0.0942097157239914
26-30,2990,28,0.0954585149884224,0.0954585149884224
26-30,2990,29,0.0966651663184166,0.0966651663184166
26-30,2990,30,0.0948491245508194,0.0948491245508194
26-30,1008,26,0.11437749117612839,0.11105288565158844
26-30,1008,27,0.11181050539016724,0.10778879374265671
26-30,1008,28,0.11132406443357468,0.10575025528669357
26-30,1008,29,0.10425243526697159,0.10445322841405869
26-30,1008,30,0.1070578321814537,0.10801011323928833
26-30,954,26,0.0023328785318881273,-0.0016575121553614736
26-30,954,27,0.0033277422189712524,0.0016874768771231174
26-30,954,28,0.003340646391734481,0.0038033523596823215
26-30,954,29,0.0022370682563632727,0.005300105549395084
26-30,954,30,0.0038696560077369213,0.0069822994992136955
26-30,938,26,0.06168602034449577,0.06168602034449577
26-30,938,27,0.0652802586555481,0.0652802586555481
26-30,938,28,0.06689975410699844,0.06689975410699844
26-30,938,29,0.06999020278453827,0.06999020278453827
26-30,938,30,0.07507234811782837,0.07507234811782837
26-30,438,26,0.032851945608854294,0.049268048256635666
26-30,438,27,0.04887304827570915,0.04887304827570915
26-30,438,28,0.04019530490040779,0.05846478417515755
26-30,438,29,0.03969648852944374,0.058011382818222046
26-30,438,30,0.04009592905640602,0.05677657946944237
31-35,1570,31,0.0697125792503357,0.0697125792503357
31-35,1570,32,0.06992782652378082,0.06992782652378082
31-35,1570,33,0.0690121129155159,0.0690121129155159
31-35,1570,34,0.07131022214889526,0.07131022214889526
31-35,1570,35,0.07276301831007004,0.07276301831007004
31-35,180,31,-0.012365936301648617,-0.004901324864476919
31-35,180,32,-0.013669505715370178,-0.0029385348316282034
31-35,180,33,-0.013010405004024506,-0.0012792835477739573
31-35,180,34,-0.015526015311479568,0.006505265366286039
31-35,180,35,-0.014372474513947964,0.009566400200128555
31-35,2412,31,-0.0038438518531620502,0.006764486897736788
31-35,2412,32,-0.0019170275190845132,0.008533075451850891
31-35,2412,33,-0.0047559598460793495,0.004489088896661997
31-35,2412,34,-0.007042336743324995,0.0074069746769964695
31-35,2412,35,-0.0040414887480437756,0.0077269840985536575
31-35,592,31,2.248229066026397e-05,-0.01051738765090704
31-35,592,32,-0.01059633307158947,-0.015277054160833359
31-35,592,33,-0.01198632549494505,-0.020095355808734894
31-35,592,34,-0.013709026388823986,-0.022320954129099846
31-35,592,35,-0.01208784244954586,-0.01850268617272377
31-35,2124,31,0.022054603323340416,0.022054603323340416
31-35,2124,32,0.02114333026111126,0.02114333026111126
31-35,2124,33,0.025387747213244438,0.025387747213244438
31-35,2124,34,0.03476345166563988,0.03476345166563988
31-35,2124,35,0.041244301944971085,0.041244301944971085
31-35,1610,31,-0.020320001989603043,-0.01181806717067957
31-35,1610,32,-0.020004453137516975,-0.01674800179898739
31-35,1610,33,-0.01823408715426922,-0.013122547417879105
31-35,1610,34,-0.020054666325449944,-0.013051360845565796
31-35,1610,35,-0.018210627138614655,-0.011193563230335712
31-35,2356,31,0.01303178258240223,0.11846958845853806
31-35,2356,32,0.01303178258240223,0.12804217636585236
31-35,2356,33,0.01303178258240223,0.12998108565807343
31-35,2356,34,0.01303178258240223,0.1292981654405594
31-35,2356,35,0.01303178258240223,0.12815485894680023
31-35,4298,31,0.0002092420036206022,-0.0074419849552214146
31-35,4298,32,0.0018858814146369696,-0.008211459964513779
31-35,4298,33,-0.0011722161434590816,-0.009930861182510853
31-35,4298,34,-0.004428284242749214,-0.006845128256827593
31-35,4298,35,-0.003272603964433074,0.0007310244254767895
31-35,954,31,0.003555922070518136,0.008705361746251583
31-35,954,32,0.0024959177244454622,0.010275373235344887
31-35,954,33,0.0027463382575660944,0.01282633375376463
31-35,954,34,0.0030656391754746437,0.01512853056192398
31-35,954,35,-0.0018076790729537606,0.011033548973500729
31-35,2190,31,0.0038545560091733932,0.03412475064396858
31-35,2190,32,0.00978709664195776,0.035575952380895615
31-35,2190,33,0.005360654555261135,0.03471456468105316
31-35,2190,34,0.006217272486537695,0.0317591167986393
31-35,2190,35,0.004181498195976019,0.029826022684574127
31-35,996,31,0.05674096941947937,0.05674096941947937
31-35,996,32,0.05368189886212349,0.056148651987314224
31-35,996,33,0.05262063816189766,0.05262063816189766
31-35,996,34,0.04692375287413597,0.04692375287413597
31-35,996,35,0.04538728669285774,0.042986489832401276
31-35,2252,31,0.00039282074430957437,-0.007045395206660032
31-35,2252,32,0.0003604670928325504,-0.006201413460075855
31-35,2252,33,-6.556510925292969e-07,-0.0071678864769637585
31-35,2252,34,0.0002471086918376386,-0.00831521674990654
31-35,2252,35,0.0005668227677233517,-0.01045974250882864
31-35,2572,31,0.009297920390963554,0.03320273384451866
31-35,2572,32,0.03376708924770355,0.03376708924770355
31-35,2572,33,0.027869075536727905,0.027869075536727905
31-35,2572,34,0.007688494864851236,0.024197502061724663
31-35,2572,35,0.006766046397387981,0.02373787760734558
31-35,626,31,0.002337914891541004,0.02393564023077488
31-35,626,32,-0.014345001429319382,0.023224258795380592
31-35,626,33,-0.015768995508551598,0.01397699024528265
31-35,626,34,-0.014424609020352364,0.02264551632106304
31-35,626,35,-0.009232868440449238,0.02494116500020027
31-35,2466,31,0.09572504460811615,0.10340996831655502
31-35,2466,32,0.10528726130723953,0.10528726130723953
31-35,2466,33,0.09457908570766449,0.1013675108551979
31-35,2466,34,0.08841898292303085,0.09422909468412399
31-35,2466,35,0.08234342932701111,0.0885208249092102
31-35,3190,31,0.036828674376010895,0.0403636209666729
31-35,3190,32,0.035686101764440536,0.039629243314266205
31-35,3190,33,0.034694232046604156,0.04146789014339447
31-35,3190,34,0.03474470600485802,0.04374529421329498
31-35,3190,35,0.049351830035448074,0.049351830035448074
31-35,2234,31,0.0027744267135858536,0.011548365466296673
31-35,2234,32,0.0017492700135335326,0.013016685843467712
31-35,2234,33,0.0009895614348351955,0.015056852251291275
31-35,2234,34,0.00034526720992289484,0.0159563310444355
31-35,2234,35,0.0010113599710166454,0.01896623894572258
31-35,2358,31,0.009247041307389736,0.06494471430778503
31-35,2358,32,0.009640617296099663,0.0670454353094101
31-35,2358,33,0.010134336538612843,0.06702392548322678
31-35,2358,34,0.008722248487174511,0.06215381994843483
31-35,2358,35,0.009757116436958313,0.06700776517391205
31-35,1998,31,0.017672957852482796,0.012946504168212414
31-35,1998,32,0.01181167084723711,0.010617731139063835
31-35,1998,33,0.008272891864180565,0.008595275692641735
31-35,1998,34,0.00447289552539587,0.007151530124247074
31-35,1998,35,0.0033459386322647333,0.00539576169103384
31-35,3278,31,-0.000877962913364172,0.003684360533952713
31-35,3278,32,-0.004212906118482351,0.0018567213555797935
31-35,3278,33,-0.003188200993463397,0.0010221308330073953
31-35,3278,34,0.0011524847941473126,0.0011524847941473126
31-35,3278,35,0.0011740296613425016,0.0011740296613425016
31-35,48,31,0.030474498867988586,0.12740349769592285
31-35,48,32,0.028384217992424965,0.12556852400302887
31-35,48,33,0.02703891322016716,0.12404639273881912
31-35,48,34,0.025406071916222572,0.12237555533647537
31-35,48,35,0.02370111458003521,0.12043478339910507
31-35,1568,31,0.046903036534786224,0.046903036534786224
31-35,1568,32,0.046414367854595184,0.046414367854595184
31-35,1568,33,0.04424789547920227,0.04424789547920227
31-35,1568,34,0.04239850863814354,0.04496633633971214
31-35,1568,35,0.042721908539533615,0.044763632118701935
31-35,1224,31,-0.005180689971894026,-0.0014049654128029943
31-35,1224,32,-0.006271847523748875,-0.0006901865126565099
31-35,1224,33,-0.004702411126345396,-0.00016264153236988932
31-35,1224,34,-0.003971773665398359,0.003117274260148406
31-35,1224,35,-0.0028646045830100775,0.005699910223484039
31-35,1500,31,-0.018888993188738823,-0.01888207532465458
31-35,1500,32,-0.018492717295885086,-0.017803607508540154
31-35,1500,33,-0.016691280528903008,-0.014348842203617096
31-35,1500,34,-0.01933734491467476,-0.018061267212033272
31-35,1500,35,-0.02270304225385189,-0.022533554583787918
36-40,1008,36,0.09666547179222107,0.10095252096652985
36-40,1008,37,0.0975770503282547,0.10307206958532333
36-40,1008,38,0.09399305284023285,0.09845056384801865
36-40,1008,39,0.08177735656499863,0.08116812258958817
36-40,1008,40,0.07354912906885147,0.06822866946458817
36-40,172,36,0.048343319445848465,0.0640949085354805
36-40,172,37,0.04179328307509422,0.04989329352974892
36-40,172,38,0.04366469383239746,0.04610395058989525
36-40,172,39,0.04167165607213974,0.048096925020217896
36-40,172,40,0.04229440167546272,0.04829910397529602
36-40,3914,36,0.033331260085105896,0.033331260085105896
36-40,3914,37,0.04219769686460495,0.04219769686460495
36-40,3914,38,0.04395442083477974,0.04395442083477974
36-40,3914,39,0.045697204768657684,0.045697204768657684
36-40,3914,40,0.04143410548567772,0.04143410548567772
36-40,2770,36,0.011553998105227947,0.054547104984521866
36-40,2770,37,0.012702882289886475,0.05708063021302223
36-40,2770,38,0.01291046291589737,0.05501941591501236
36-40,2770,39,0.013894477859139442,0.05758023262023926
36-40,2770,40,0.01334073580801487,0.05230383202433586
36-40,586,36,0.08044587075710297,0.09835895895957947
36-40,586,37,0.08189945667982101,0.10126391798257828
36-40,586,38,0.08411990106105804,0.1054149642586708
36-40,586,39,0.09530612081289291,0.11045974493026733
36-40,586,40,0.08958488702774048,0.11319909244775772
36-40,3124,36,0.03088214620947838,0.08793199062347412
36-40,3124,37,0.030663928017020226,0.08743448555469513
36-40,3124,38,0.030281169340014458,0.08597012609243393
36-40,3124,39,0.03059144876897335,0.08663810044527054
36-40,3124,40,0.03232468664646149,0.08549129962921143
36-40,974,36,-0.012606927193701267,-0.012606927193701267
36-40,974,37,-0.011631974019110203,-0.011631974019110203
36-40,974,38,-0.026473719626665115,-0.010150810703635216
36-40,974,39,-0.027955155819654465,-0.006333816796541214
36-40,974,40,-0.027769265696406364,7.636716327397153e-05
36-40,1074,36,0.011955086141824722,0.00907706655561924
36-40,1074,37,0.011955086141824722,0.009498991072177887
36-40,1074,38,0.011955086141824722,0.00984882190823555
36-40,1074,39,0.011955086141824722,0.01050627138465643
36-40,1074,40,0.011955086141824722,0.012413623742759228
36-40,1732,36,-0.022654611617326736,-0.0011551117058843374
36-40,1732,37,-0.023452864959836006,-0.00018068986537400633
36-40,1732,38,-0.024408625438809395,-0.0004743384779430926
36-40,1732,39,-0.023378819227218628,0.0026820884086191654
36-40,1732,40,-0.02345266379415989,0.005677851848304272
36-40,1366,36,-0.04855030030012131,0.08628786355257034
36-40,1366,37,-0.04855030030012131,0.08947595953941345
36-40,1366,38,-0.04855030030012131,0.09080996364355087
36-40,1366,39,-0.04855030030012131,0.08814456313848495
36-40,1366,40,-0.04855030030012131,0.09859129041433334
36-40,1220,36,0.007962135598063469,0.007962135598063469
36-40,1220,37,0.012378621846437454,0.012378621846437454
36-40,1220,38,0.013554532080888748,0.013554532080888748
36-40,1220,39,0.016174746677279472,0.016174746677279472
36-40,1220,40,0.015792489051818848,0.015792489051818848
36-40,3874,36,-0.002115038223564625,0.02908039093017578
36-40,3874,37,0.0006002503214403987,0.03203965350985527
36-40,3874,38,-0.0007087861886247993,0.02949775569140911
36-40,3874,39,-0.00011293372517684475,0.03191635385155678
36-40,3874,40,-1.4593149899155833e-05,0.03286334499716759
36-40,1922,36,0.025631846860051155,0.03399644419550896
36-40,1922,37,0.024888046085834503,0.036122191697359085
36-40,1922,38,0.02426183968782425,0.03303760662674904
36-40,1922,39,0.03325825557112694,0.03325825557112694
36-40,1922,40,0.03406011313199997,0.03406011313199997
36-40,1122,36,-0.0031412530224770308,0.00693933293223381
36-40,1122,37,0.002239375840872526,0.014997542835772038
36-40,1122,38,0.006347854621708393,0.021069437265396118
36-40,1122,39,0.009985044598579407,0.027480777353048325
36-40,1122,40,0.012907691299915314,0.029947660863399506
36-40,2930,36,0.026142369955778122,0.06230539828538895
36-40,2930,37,0.026693517342209816,0.05966104939579964
36-40,2930,38,0.02715965546667576,0.06019999831914902
36-40,2930,39,0.027210524305701256,0.058974288403987885
36-40,2930,40,0.02683217264711857,0.05491171404719353
36-40,2990,36,0.082364521920681,0.082364521920681
36-40,2990,37,0.08263292163610458,0.08263292163610458
36-40,2990,38,0.08343469351530075,0.08343469351530075
36-40,2990,39,0.07864705473184586,0.07864705473184586
36-40,2990,40,0.07165798544883728,0.07165798544883728
36-40,976,36,0.02812715247273445,0.037419892847537994
36-40,976,37,0.029052941128611565,0.03724798560142517
36-40,976,38,0.02690199576318264,0.04003148153424263
36-40,976,39,0.02812356874346733,0.039389703422784805
36-40,976,40,0.025765569880604744,0.03654656186699867
36-40,2376,36,-0.02474181540310383,-0.029685502871870995
36-40,2376,37,-0.024656830355525017,-0.027399057522416115
36-40,2376,38,-0.025310777127742767,-0.028034836053848267
36-40,2376,39,-0.02607535757124424,-0.027514571323990822
36-40,2376,40,-0.026159029453992844,-0.030437549576163292
36-40,3802,36,-0.001653744955547154,0.04763760045170784
36-40,3802,37,-0.001757851685397327,0.05041221156716347
36-40,3802,38,-0.002012184588238597,0.05045019090175629
36-40,3802,39,-0.00195489008910954,0.051403388381004333
36-40,3802,40,-0.00195489008910954,0.05291150137782097
36-40,1478,36,-0.010653783567249775,0.030913323163986206
36-40,1478,37,-0.006846898701041937,0.03918999806046486
36-40,1478,38,-0.011687072925269604,0.03488025441765785
36-40,1478,39,-0.010778185911476612,0.039222437888383865
36-40,1478,40,-0.010715569369494915,0.040520329028367996
36-40,1698,36,-0.005078714340925217,0.02396942861378193
36-40,1698,37,-0.004705676808953285,0.0232660211622715
36-40,1698,38,-0.00442950613796711,0.023087477311491966
36-40,1698,39,-0.004749196115881205,0.023210544139146805
36-40,1698,40,-0.0038455729372799397,0.024470973759889603
36-40,4128,36,0.013603275641798973,0.00804124865680933
36-40,4128,37,0.01507496926933527,0.009723328053951263
36-40,4128,38,0.016320424154400826,0.011912812478840351
36-40,4128,39,0.01259950827807188,0.01259950827807188
36-40,4128,40,0.01021868921816349,0.013150190003216267
41-45,1660,41,0.2461853325366974,0.2461853325366974
41-45,1660,42,0.2407052218914032,0.2407052218914032
41-45,1660,43,0.22413672506809235,0.22413672506809235
41-45,1660,44,0.2054082751274109,0.2054082751274109
41-45,1660,45,0.19250288605690002,0.19250288605690002
41-45,426,41,0.07195466756820679,0.07195466756820679
41-45,426,42,0.07228261232376099,0.07228261232376099
41-45,426,43,0.07178495079278946,0.07178495079278946
41-45,426,44,0.07028911262750626,0.07028911262750626
41-45,426,45,0.07193706929683685,0.07193706929683685
41-45,2574,41,0.02183249406516552,0.02183249406516552
41-45,2574,42,0.023470694199204445,0.023470694199204445
41-45,2574,43,0.023946180939674377,0.023946180939674377
41-45,2574,44,0.026438798755407333,0.026438798755407333
41-45,2574,45,0.02436096780002117,0.02436096780002117
41-45,574,41,0.005880947690457106,0.05811571702361107
41-45,574,42,0.0032661790028214455,0.057511020451784134
41-45,574,43,-0.0041701230220496655,0.04872985556721687
41-45,574,44,0.005613235756754875,0.05928497388958931
41-45,574,45,0.003306777449324727,0.061569035053253174
41-45,1006,41,0.10772204399108887,0.10772204399108887
41-45,1006,42,0.10965299606323242,0.10965299606323242
41-45,1006,43,0.11498621106147766,0.11498621106147766
41-45,1006,44,0.11628276854753494,0.11628276854753494
41-45,1006,45,0.11811324954032898,0.11811324954032898
41-45,706,41,0.0530710332095623,0.11554484814405441
41-45,706,42,0.057943712919950485,0.123663030564785
41-45,706,43,0.056980200111866,0.12572145462036133
41-45,706,44,0.05850033834576607,0.12711435556411743
41-45,706,45,0.054065629839897156,0.1236809566617012
41-45,2202,41,0.006668829824775457,0.052290212363004684
41-45,2202,42,0.005093791522085667,0.05122915282845497
41-45,2202,43,0.004710122011601925,0.05299486592411995
41-45,2202,44,0.007763181813061237,0.06437470018863678
41-45,2202,45,0.008424011059105396,0.06292308866977692
41-45,458,41,0.0948297455906868,0.11797238141298294
41-45,458,42,0.08904591202735901,0.10863985121250153
41-45,458,43,0.09927279502153397,0.09927279502153397
41-45,458,44,0.11235532909631729,0.11235532909631729
41-45,458,45,0.1198602095246315,0.1198602095246315
41-45,312,41,-0.02515549771487713,-0.004477040842175484
41-45,312,42,-0.03280790150165558,-0.001957253087311983
41-45,312,43,-0.031658776104450226,1.2462191989470739e-05
41-45,312,44,-0.03583310544490814,-0.0018534933915361762
41-45,312,45,-0.04317765682935715,-0.016665391623973846
41-45,2800,41,0.03827380761504173,0.06970705091953278
41-45,2800,42,0.03830989822745323,0.06975902616977692
41-45,2800,43,0.0404430627822876,0.07180174440145493
41-45,2800,44,0.0387924425303936,0.07120613008737564
41-45,2800,45,0.03784273937344551,0.07295944541692734
41-45,1010,41,0.0729367583990097,0.1113344132900238
41-45,1010,42,0.07713715732097626,0.11610783636569977
41-45,1010,43,0.07793866842985153,0.11604592204093933
41-45,1010,44,0.07841755449771881,0.11697536706924438
41-45,1010,45,0.0756579339504242,0.11528407037258148
41-45,558,41,0.00743658933788538,0.03140623867511749
41-45,558,42,0.00527156749740243,0.03217802941799164
41-45,558,43,0.005435105878859758,0.0354030542075634
41-45,558,44,0.008867712691426277,0.037089284509420395
41-45,558,45,0.009453092701733112,0.04168172553181648
41-45,4320,41,0.11274354159832001,0.14683032035827637
41-45,4320,42,0.10933175683021545,0.14101459085941315
41-45,4320,43,0.10671311616897583,0.13751234114170074
41-45,4320,44,0.10368538647890091,0.1330452412366867
41-45,4320,45,0.09981628507375717,0.129068523645401
41-45,540,41,0.02466649003326893,0.06078527495265007
41-45,540,42,0.026405997574329376,0.06338749825954437
41-45,540,43,0.023977089673280716,0.06885368376970291
41-45,540,44,0.021241120994091034,0.06112032011151314
41-45,540,45,0.005855294410139322,0.05590999498963356
41-45,3912,41,0.017106009647250175,0.075386643409729
41-45,3912,42,0.014066693373024464,0.07662183791399002
41-45,3912,43,0.01503903791308403,0.08070088177919388
41-45,3912,44,0.017955943942070007,0.08376825600862503
41-45,3912,45,0.019749507308006287,0.08278477936983109
41-45,1482,41,0.02469738945364952,0.06202985718846321
41-45,1482,42,0.023922830820083618,0.06155187636613846
41-45,1482,43,0.02283649891614914,0.060417111963033676
41-45,1482,44,0.022227078676223755,0.05817596614360809
41-45,1482,45,0.022072192281484604,0.059533655643463135
41-45,2992,41,0.03524657338857651,0.055488914251327515
41-45,2992,42,0.035040482878685,0.056201234459877014
41-45,2992,43,0.03499095141887665,0.057139791548252106
41-45,2992,44,0.03487102687358856,0.05806693807244301
41-45,2992,45,0.03589027002453804,0.060934022068977356
41-45,272,41,0.013501070439815521,0.08129490911960602
41-45,272,42,0.014529322274029255,0.08344784379005432
41-45,272,43,0.014477558434009552,0.08396054059267044
41-45,272,44,0.014189457520842552,0.08583877235651016
41-45,272,45,0.014622446149587631,0.08910062909126282
41-45,2910,41,0.07408992201089859,0.09750538319349289
41-45,2910,42,0.07411404699087143,0.09789638966321945
41-45,2910,43,0.07359367609024048,0.09729453921318054
41-45,2910,44,0.07212211191654205,0.0961497351527214
41-45,2910,45,0.0708356648683548,0.09573552012443542
41-45,3202,41,0.007252252660691738,0.03354960307478905
41-45,3202,42,0.009616773575544357,0.03596137836575508
41-45,3202,43,0.010328086093068123,0.03428850322961807
41-45,3202,44,0.0028093745931982994,0.02466043084859848
41-45,3202,45,0.0029960209503769875,0.027648983523249626
41-45,432,41,0.050002600997686386,0.050002600997686386
41-45,432,42,0.0588754266500473,0.0588754266500473
41-45,432,43,0.06958283483982086,0.06958283483982086
41-45,432,44,0.06937369704246521,0.06937369704246521
41-45,432,45,0.06580071896314621,0.06580071896314621
41-45,1044,41,0.01739548332989216,0.07964808493852615
41-45,1044,42,0.015431995503604412,0.07025975733995438
41-45,1044,43,0.010071629658341408,0.0693684071302414
41-45,1044,44,0.008448904380202293,0.06357941031455994
41-45,1044,45,0.019229862838983536,0.08269227296113968
41-45,668,41,0.025611041113734245,0.049530599266290665
41-45,668,42,0.02592315711081028,0.0510123148560524
41-45,668,43,0.026799915358424187,0.052471473813056946
41-45,668,44,0.02664315328001976,0.05383608862757683
41-45,668,45,0.02743273600935936,0.05623750016093254
46-50,432,46,0.07108551263809204,0.07108551263809204
46-50,432,47,0.04633737727999687,0.07724198698997498
46-50,432,48,0.05254589766263962,0.07946235686540604
46-50,432,49,0.05329536274075508,0.08300775289535522
46-50,432,50,0.056054793298244476,0.0853499099612236
46-50,974,46,-0.030714917927980423,-0.003162810578942299
46-50,974,47,-0.030520014464855194,-0.003993485122919083
46-50,974,48,-0.0024412560742348433,-0.0024412560742348433
46-50,974,49,0.0021386677399277687,0.0021386677399277687
46-50,974,50,-0.005608547478914261,-0.005608547478914261
46-50,936,46,0.0008069291361607611,0.015116505324840546
46-50,936,47,0.0008615193073637784,0.015685701742768288
46-50,936,48,0.0008833167375996709,0.014792092144489288
46-50,936,49,0.0009015934192575514,0.014198295772075653
46-50,936,50,0.0009212863515131176,0.013512942008674145
46-50,2182,46,0.12986788153648376,0.12986788153648376
46-50,2182,47,0.13036838173866272,0.13036838173866272
46-50,2182,48,0.12878161668777466,0.12878161668777466
46-50,2182,49,0.12631767988204956,0.12631767988204956
46-50,2182,50,0.12735503911972046,0.12735503911972046
46-50,2514,46,0.013841962441802025,0.029163820669054985
46-50,2514,47,0.013111837208271027,0.0299345962703228
46-50,2514,48,0.013269425369799137,0.03060799650847912
46-50,2514,49,0.012446741573512554,0.030662763863801956
46-50,2514,50,0.012599179521203041,0.03050953894853592
46-50,2912,46,-0.007927722297608852,0.0008009529556147754
46-50,2912,47,-0.007677444256842136,0.0023928664159029722
46-50,2912,48,-0.007692847400903702,0.0011786666000261903
46-50,2912,49,-0.00742674944922328,-0.0003003010351676494
46-50,2912,50,-0.007448280695825815,0.001341541763395071
46-50,2910,46,0.06991627812385559,0.09445899724960327
46-50,2910,47,0.06939567625522614,0.09400545060634613
46-50,2910,48,0.06797625124454498,0.0932881161570549
46-50,2910,49,0.06636789441108704,0.09148559719324112
46-50,2910,50,0.06525138765573502,0.09002815932035446
46-50,1568,46,0.026671476662158966,0.006606319919228554
46-50,1568,47,0.02557450905442238,0.004219443071633577
46-50,1568,48,0.024303564801812172,0.0036324637476354837
46-50,1568,49,0.023555131629109383,0.0018479202408343554
46-50,1568,50,0.023471150547266006,0.0020022522658109665
46-50,2158,46,-0.06274524331092834,-0.06274524331092834
46-50,2158,47,-0.06084992736577988,-0.06084992736577988
46-50,2158,48,-0.05086461454629898,-0.05086461454629898
46-50,2158,49,-0.04878704994916916,-0.04878704994916916
46-50,2158,50,-0.039175812155008316,-0.039175812155008316
46-50,646,46,0.01218379009515047,0.08737483620643616
46-50,646,47,0.01221325434744358,0.08629743754863739
46-50,646,48,0.012121873907744884,0.08522249758243561
46-50,646,49,0.012075529433786869,0.08476094901561737
46-50,646,50,0.012093509547412395,0.08355861157178879
46-50,2376,46,-0.025997057557106018,-0.023218568414449692
46-50,2376,47,-0.026585591956973076,-0.018556810915470123
46-50,2376,48,-0.02637598291039467,-0.013464956544339657
46-50,2376,49,-0.026462847366929054,-0.010928425937891006
46-50,2376,50,-0.024388303980231285,-0.009591988287866116
46-50,2250,46,-0.026437923312187195,-0.009806214831769466
46-50,2250,47,-0.030425772070884705,-0.010138892568647861
46-50,2250,48,-0.02744913101196289,-0.008817184716463089
46-50,2250,49,-0.02868424914777279,-0.009103306569159031
46-50,2250,50,-0.02812928706407547,-0.00909427460283041
46-50,2990,46,0.06172250956296921,0.06172250956296921
46-50,2990,47,0.03169289231300354,0.0621563196182251
46-50,2990,48,0.030301081016659737,0.060511264950037
46-50,2990,49,0.02946712076663971,0.05758209899067879
46-50,2990,50,0.06494080275297165,0.05759412422776222
46-50,1354,46,0.030208848416805267,0.03365848585963249
46-50,1354,47,0.0347135066986084,0.0347135066986084
46-50,1354,48,0.036220744252204895,0.036220744252204895
46-50,1354,49,0.03610776737332344,0.03610776737332344
46-50,1354,50,0.03555049002170563,0.0358760766685009
46-50,828,46,-0.0051272218115627766,-0.00026910373708233237
46-50,828,47,-0.006209561135619879,-0.006209561135619879
46-50,828,48,-0.01070686150342226,-0.01070686150342226
46-50,828,49,-0.018058113753795624,-0.018058113753795624
46-50,828,50,-0.02157992124557495,-0.02157992124557495
46-50,3124,46,0.026004038751125336,0.07054933160543442
46-50,3124,47,0.023603681474924088,0.06634463369846344
46-50,3124,48,0.021420691162347794,0.0618448369204998
46-50,3124,49,0.02057335153222084,0.05902497097849846
46-50,3124,50,0.019456565380096436,0.055904556065797806
46-50,1698,46,-0.004044733941555023,0.024518262594938278
46-50,1698,47,-0.0033506257459521294,0.025893574580550194
46-50,1698,48,-0.003636455861851573,0.02384532429277897
46-50,1698,49,-0.003561090910807252,0.02434828132390976
46-50,1698,50,-0.00378250190988183,0.024621862918138504
51-55,1482,51,0.017359092831611633,0.052480604499578476
51-55,1482,52,0.017416927963495255,0.053069595247507095
51-55,1482,53,0.017359120771288872,0.05282631516456604
51-55,1482,54,0.017055198550224304,0.050919897854328156
51-55,1482,55,0.01673842780292034,0.052014049142599106
51-55,1128,51,0.01887834444642067,0.01887834444642067
51-55,1128,52,0.021118219941854477,0.021118219941854477
51-55,1128,53,0.029370034113526344,0.029370034113526344
51-55,1128,54,0.035331785678863525,0.035331785678863525
51-55,1128,55,0.03853834420442581,0.03853834420442581
51-55,3368,51,0.019163062795996666,0.019163062795996666
51-55,3368,52,0.017406560480594635,0.017406560480594635
51-55,3368,53,0.016296884045004845,0.016296884045004845
51-55,3368,54,0.019966714084148407,0.019966714084148407
51-55,3368,55,0.019841454923152924,0.019841454923152924
51-55,4320,51,0.09456903487443924,0.12327094376087189
51-55,4320,52,0.09330558031797409,0.12174322456121445
51-55,4320,53,0.09871875494718552,0.12164120376110077
51-55,4320,54,0.09854815155267715,0.12316205352544785
51-55,4320,55,0.09869452565908432,0.12355396151542664
51-55,756,51,0.0012957893777638674,0.04458516836166382
51-55,756,52,0.001265388447791338,0.047144126147031784
51-55,756,53,0.005022723693400621,0.05400094389915466
51-55,756,54,0.009830336086452007,0.05938415974378586
51-55,756,55,0.0128751490265131,0.06220882013440132
51-55,3138,51,-0.0019939683843404055,0.006850807927548885
51-55,3138,52,-0.001983309630304575,0.007977663539350033
51-55,3138,53,-0.002150068525224924,0.008778976276516914
51-55,3138,54,-0.002186540514230728,0.008285644464194775
51-55,3138,55,-0.002423039870336652,0.007557237520813942
51-55,706,51,0.05099013075232506,0.10210423171520233
51-55,706,52,0.05123264715075493,0.10167248547077179
51-55,706,53,0.05283430591225624,0.10277308523654938
51-55,706,54,0.051805343478918076,0.10481715202331543
51-55,706,55,0.050192609429359436,0.10612477362155914
51-55,1232,51,0.025683553889393806,0.032335251569747925
51-55,1232,52,0.028872232884168625,0.036425501108169556
51-55,1232,53,0.03148175776004791,0.040674880146980286
51-55,1232,54,0.03170505911111832,0.04367928206920624
51-55,1232,55,0.031554147601127625,0.04261161386966705
51-55,2008,51,-0.02239535190165043,0.002577424980700016
51-55,2008,52,-0.02208293229341507,0.003962021786719561
51-55,2008,53,-0.02195308916270733,0.005572782829403877
51-55,2008,54,-0.024454312399029732,0.0050469934940338135
51-55,2008,55,-0.02669670805335045,0.0030739426147192717
51-55,2800,51,0.03345450013875961,0.06895262002944946
51-55,2800,52,0.034483376890420914,0.07002288103103638
51-55,2800,53,0.035526011139154434,0.07214486598968506
51-55,2800,54,0.03555211424827576,0.07276706397533417
51-55,2800,55,0.03659580647945404,0.07496283948421478
51-55,3232,51,0.02006831020116806,0.04439893364906311
51-55,3232,52,0.02148313820362091,0.04608588293194771
51-55,3232,53,0.02220846712589264,0.04824425280094147
51-55,3232,54,0.023238670080900192,0.0498308427631855
51-55,3232,55,0.023858437314629555,0.05250762775540352
51-55,838,51,-0.01957527920603752,-0.02620566636323929
51-55,838,52,-0.018841424956917763,-0.023511499166488647
51-55,838,53,-0.01654047518968582,-0.021225471049547195
51-55,838,54,-0.019167572259902954,-0.024479029700160027
51-55,838,55,-0.01934998296201229,-0.02046995982527733
51-55,3484,51,0.006194399669766426,0.006194399669766426
51-55,3484,52,0.004561008885502815,0.004561008885502815
51-55,3484,53,0.005508509464561939,0.005508509464561939
51-55,3484,54,0.011065791361033916,0.011065791361033916
51-55,3484,55,0.012686863541603088,0.012686863541603088
51-55,2280,51,-0.02058691903948784,-0.03688013553619385
51-55,2280,52,-0.01901528611779213,-0.03489977866411209
51-55,2280,53,-0.018603244796395302,-0.031099991872906685
51-55,2280,54,-0.01709746941924095,-0.029995359480381012
51-55,2280,55,-0.016041433438658714,-0.028107652440667152
51-55,2298,51,0.0367252416908741,0.0747731626033783
51-55,2298,52,0.03548874706029892,0.07057536393404007
51-55,2298,53,0.03574012964963913,0.07426708936691284
51-55,2298,54,0.03527357801795006,0.06814941018819809
51-55,2298,55,0.034265946596860886,0.07206665724515915
51-55,760,51,0.015160895884037018,0.015160895884037018
51-55,760,52,0.015609539113938808,0.015609539113938808
51-55,760,53,0.016599928960204124,0.016599928960204124
51-55,760,54,0.017627906054258347,0.017627906054258347
51-55,760,55,0.017745643854141235,0.017745643854141235
56-60,1660,56,0.17481975257396698,0.17481975257396698
56-60,1660,57,0.1838110387325287,0.1838110387325287
56-60,1660,58,0.1932903379201889,0.1932903379201889
56-60,1660,59,0.21116967499256134,0.21116967499256134
56-60,1660,60,0.21665224432945251,0.21665224432945251
56-60,272,56,0.017931906506419182,0.10060617327690125
56-60,272,57,0.01932722143828869,0.10149838030338287
56-60,272,58,0.020184675231575966,0.10204269737005234
56-60,272,59,0.019823480397462845,0.10174763202667236
56-60,272,60,0.020549075677990913,0.10149902105331421
56-60,482,56,0.011721274815499783,0.053519356995821
56-60,482,57,0.00864849891513586,0.05254097655415535
56-60,482,58,0.008548401296138763,0.052776772528886795
56-60,482,59,0.007734350394457579,0.05074165388941765
56-60,482,60,0.007797252852469683,0.051326896995306015
56-60,1432,56,0.014648226089775562,0.07413607090711594
56-60,1432,57,0.016697958111763,0.0783328041434288
56-60,1432,58,0.013860475271940231,0.07666978985071182
56-60,1432,59,0.013116891495883465,0.07696457952260971
56-60,1432,60,0.014927073381841183,0.08257392048835754
56-60,312,56,-0.05578577518463135,-0.03496561944484711
56-60,312,57,-0.062461040914058685,-0.04190826788544655
56-60,312,58,-0.03457071632146835,-0.03457071632146835
56-60,312,59,-0.038641780614852905,-0.038641780614852905
56-60,312,60,-0.036840975284576416,-0.036840975284576416
56-60,4174,56,0.05154713615775108,0.1132548600435257
56-60,4174,57,0.056395094841718674,0.11860651522874832
56-60,4174,58,0.05241833254694939,0.11309715360403061
56-60,4174,59,0.03721946105360985,0.09826040267944336
56-60,4174,60,0.03857255354523659,0.10367295891046524
56-60,2510,56,0.05986123904585838,0.08232525736093521
56-60,2510,57,0.05862145125865936,0.08316976577043533
56-60,2510,58,0.05920083448290825,0.07950366288423538
56-60,2510,59,0.06025385856628418,0.08554090559482574
56-60,2510,60,0.05714317411184311,0.08707217127084732
56-60,1000,56,0.03405933454632759,0.06250317394733429
56-60,1000,57,0.03605569154024124,0.06429097056388855
56-60,1000,58,0.03560395911335945,0.06341053545475006
56-60,1000,59,0.03219624236226082,0.05981435626745224
56-60,1000,60,0.032686587423086166,0.06033128499984741
56-60,394,56,-0.023337820544838905,0.022852562367916107
56-60,394,57,-0.02240387722849846,0.022486213594675064
56-60,394,58,-0.01990874856710434,0.021275635808706284
56-60,394,59,-0.018970349803566933,0.027390632778406143
56-60,394,60,-0.01628178358078003,0.029798831790685654
56-60,2202,56,0.010189072228968143,0.06730606406927109
56-60,2202,57,0.010565216653048992,0.06826053559780121
56-60,2202,58,0.007951063103973866,0.0687851682305336
56-60,2202,59,0.008821112103760242,0.0663607195019722
56-60,2202,60,0.007673945277929306,0.06619109958410263
56-60,2076,56,0.04732208698987961,0.04732208698987961
56-60,2076,57,0.050278615206480026,0.050278615206480026
56-60,2076,58,0.05591467022895813,0.05591467022895813
56-60,2076,59,0.060393400490283966,0.060393400490283966
56-60,2076,60,0.05936150625348091,0.05936150625348091
56-60,2040,56,0.02410648763179779,0.05123201757669449
56-60,2040,57,0.024350332096219063,0.053676504641771317
56-60,2040,58,0.025230351835489273,0.05662476271390915
56-60,2040,59,0.02563890442252159,0.05795397236943245
56-60,2040,60,0.0271884985268116,0.05974365398287773
56-60,1392,56,0.027433445677161217,0.17447543144226074
56-60,1392,57,0.027433445677161217,0.18194036185741425
56-60,1392,58,0.027433445677161217,0.18275892734527588
56-60,1392,59,0.027433445677161217,0.1822281926870346
56-60,1392,60,0.027433445677161217,0.1788182556629181
56-60,898,56,0.02983628399670124,0.1602163016796112
56-60,898,57,0.029858704656362534,0.16293790936470032
56-60,898,58,0.03402120992541313,0.17308050394058228
56-60,898,59,0.03618784248828888,0.16932986676692963
56-60,898,60,0.03477342799305916,0.16614890098571777
56-60,3690,56,-0.07839392125606537,-0.05939949303865433
56-60,3690,57,-0.07722602784633636,-0.060973867774009705
56-60,3690,58,-0.053235139697790146,-0.053235139697790146
56-60,3690,59,-0.05553504079580307,-0.05553504079580307
56-60,3690,60,-0.04967375099658966,-0.04967375099658966
56-60,426,56,0.08506245166063309,0.08506245166063309
56-60,426,57,0.0861850157380104,0.0861850157380104
56-60,426,58,0.08664911240339279,0.08664911240339279
56-60,426,59,0.08692333847284317,0.08692333847284317
56-60,426,60,0.08711407333612442,0.08711407333612442
56-60,580,56,0.018927928060293198,0.04969082772731781
56-60,580,57,0.018130796030163765,0.05131492018699646
56-60,580,58,0.01734231971204281,0.05243263021111488
56-60,580,59,0.018509486690163612,0.055117201060056686
56-60,580,60,0.019764088094234467,0.05709010362625122
56-60,3832,56,0.04101487249135971,0.04101487249135971
56-60,3832,57,0.03613840416073799,0.03613840416073799
56-60,3832,58,0.038366641849279404,0.038366641849279404
56-60,3832,59,0.04142015427350998,0.04142015427350998
56-60,3832,60,0.04607192426919937,0.04607192426919937
56-60,1418,56,0.011705266311764717,0.0817374587059021
56-60,1418,57,0.011759623885154724,0.08327353000640869
56-60,1418,58,0.008410930633544922,0.08538670092821121
56-60,1418,59,0.005824238993227482,0.08927786350250244
56-60,1418,60,0.00597843062132597,0.08857803046703339
56-60,3926,56,0.10912933200597763,0.10912933200597763
56-60,3926,57,0.11095190793275833,0.11095190793275833
56-60,3926,58,0.10900348424911499,0.10900348424911499
56-60,3926,59,0.10533938556909561,0.10533938556909561
56-60,3926,60,0.10417261719703674,0.10417261719703674
56-60,1704,56,0.050419121980667114,0.09089888632297516
56-60,1704,57,0.05028272047638893,0.08724986761808395
56-60,1704,58,0.026682861149311066,0.08602624386548996
56-60,1704,59,0.0267759058624506,0.08979432284832001
56-60,1704,60,0.02640632353723049,0.09338504821062088
56-60,1708,56,-0.004119763616472483,0.06558340787887573
56-60,1708,57,-0.0018747879657894373,0.07131940871477127
56-60,1708,58,-0.0026723844930529594,0.06425148993730545
56-60,1708,59,0.0003253469185438007,0.07695148885250092
56-60,1708,60,0.00346555863507092,0.08568338304758072
56-60,3828,56,-0.005730871576815844,0.05745379999279976
56-60,3828,57,-0.005460498854517937,0.05767529085278511
56-60,3828,58,-0.005431434139609337,0.059988100081682205
56-60,3828,59,-0.004621913190931082,0.061280831694602966
56-60,3828,60,0.0026488956063985825,0.06707821041345596
61-65,1006,61,0.14053572714328766,0.14053572714328766
61-65,1006,62,0.14417435228824615,0.14417435228824615
61-65,1006,63,0.14882779121398926,0.14882779121398926
61-65,1006,64,0.1495467573404312,0.1495467573404312
61-65,1006,65,0.15370918810367584,0.15370918810367584
61-65,1576,61,0.1102038249373436,0.18747060000896454
61-65,1576,62,0.11506260186433792,0.19407205283641815
61-65,1576,63,0.11668179929256439,0.1991175413131714
61-65,1576,64,0.11928365379571915,0.20188593864440918
61-65,1576,65,0.20512935519218445,0.20512935519218445
61-65,1644,61,0.006184675265103579,0.006184675265103579
61-65,1644,62,0.009556612931191921,0.009556612931191921
61-65,1644,63,0.011560795828700066,0.011560795828700066
61-65,1644,64,0.012298716232180595,0.012298716232180595
61-65,1644,65,0.014279474504292011,0.014279474504292011
61-65,2620,61,0.013227823190391064,0.048914454877376556
61-65,2620,62,0.011467522010207176,0.04584222659468651
61-65,2620,63,0.01209656335413456,0.046522580087184906
61-65,2620,64,0.01898440532386303,0.056642964482307434
61-65,2620,65,0.013904806226491928,0.05276704952120781
61-65,3202,61,0.010606646537780762,0.045576293021440506
61-65,3202,62,-0.0006007964257150888,0.03936159610748291
61-65,3202,63,-0.0015215591993182898,0.03836819902062416
61-65,3202,64,-0.002557039028033614,0.037345029413700104
61-65,3202,65,0.0012790830805897713,0.0437735915184021
61-65,540,61,0.028989776968955994,0.10569459199905396
61-65,540,62,0.03507373481988907,0.09275665134191513
61-65,540,63,0.024920621886849403,0.08556278795003891
61-65,540,64,0.03852681815624237,0.08820223808288574
61-65,540,65,0.02608317881822586,0.08916798233985901
61-65,1010,61,0.10904736071825027,0.15659597516059875
61-65,1010,62,0.11111946403980255,0.15664835274219513
61-65,1010,63,0.11881404370069504,0.1636679470539093
61-65,1010,64,0.1256556361913681,0.16678012907505035
61-65,1010,65,0.13158293068408966,0.1720949113368988
61-65,1008,61,0.07413247227668762,0.11332783848047256
61-65,1008,62,0.07602059096097946,0.11622338742017746
61-65,1008,63,0.07802359759807587,0.12253595888614655
61-65,1008,64,0.08162929117679596,0.1350431740283966
61-65,1008,65,0.08695252239704132,0.14122919738292694
61-65,2574,61,0.05335191637277603,0.05335191637277603
61-65,2574,62,0.05778126046061516,0.05778126046061516
61-65,2574,63,0.05489807948470116,0.05489807948470116
61-65,2574,64,0.05902815982699394,0.05902815982699394
61-65,2574,65,0.06310664117336273,0.06310664117336273
61-65,3874,61,0.010090730153024197,0.05615335330367088
61-65,3874,62,0.012948228977620602,0.06109980493783951
61-65,3874,63,0.011798538267612457,0.062168583273887634
61-65,3874,64,0.01239177118986845,0.06514663249254227
61-65,3874,65,0.012043267488479614,0.06565085053443909
61-65,1478,61,-0.014205574989318848,0.024644430726766586
61-65,1478,62,-0.011646467261016369,0.018494978547096252
61-65,1478,63,-0.01304643601179123,0.021553343161940575
61-65,1478,64,-0.011128965765237808,0.024571038782596588
61-65,1478,65,-0.00977467093616724,0.019138500094413757
61-65,558,61,0.009274137206375599,0.06659360975027084
61-65,558,62,0.01156972162425518,0.06769929826259613
61-65,558,63,0.021027497947216034,0.0670175701379776
61-65,558,64,0.020889095962047577,0.07007239758968353
61-65,558,65,0.019796812906861305,0.06656338274478912
61-65,3168,61,0.1159798800945282,0.1159798800945282
61-65,3168,62,0.12181416898965836,0.12181416898965836
61-65,3168,63,0.12802520394325256,0.12802520394325256
61-65,3168,64,0.13303227722644806,0.13303227722644806
61-65,3168,65,0.1334400773048401,0.1334400773048401
61-65,586,61,0.06471068412065506,0.0868961438536644
61-65,586,62,0.06292552500963211,0.08352471143007278
61-65,586,63,0.0611141100525856,0.08004038780927658
61-65,586,64,0.06195920333266258,0.08252999931573868
61-65,586,65,0.06319558620452881,0.08417948335409164
61-65,3656,61,0.05660482496023178,0.05660482496023178
61-65,3656,62,0.057819727808237076,0.057819727808237076
61-65,3656,63,0.054891958832740784,0.054891958832740784
61-65,3656,64,0.048423077911138535,0.048423077911138535
61-65,3656,65,0.04795214906334877,0.04795214906334877
61-65,2992,61,0.046937260776758194,0.046937260776758194
61-65,2992,62,0.04836547374725342,0.04836547374725342
61-65,2992,63,0.04553598538041115,0.04553598538041115
61-65,2992,64,0.04580026865005493,0.04580026865005493
61-65,2992,65,0.044213760644197464,0.044213760644197464
61-65,1732,61,-0.03394755721092224,0.006157251540571451
61-65,1732,62,-0.03727313131093979,0.008933302946388721
61-65,1732,63,-0.03825343772768974,0.009330688044428825
61-65,1732,64,-0.038171105086803436,0.009488810785114765
61-65,1732,65,-0.037701670080423355,0.009993416257202625
61-65,1044,61,0.01944928988814354,0.09570343792438507
61-65,1044,62,0.013933422043919563,0.09029380977153778
61-65,1044,63,0.017834920436143875,0.08679934591054916
61-65,1044,64,0.02527446299791336,0.09709089994430542
61-65,1044,65,0.012049726210534573,0.08632106333971024
61-65,2906,61,0.028415622189641,0.028415622189641
61-65,2906,62,0.030070781707763672,0.030070781707763672
61-65,2906,63,0.03163661062717438,0.03163661062717438
61-65,2906,64,0.0319860503077507,0.0319860503077507
61-65,2906,65,0.03084244206547737,0.03084244206547737
61-65,458,61,0.17368672788143158,0.17368672788143158
61-65,458,62,0.1893744170665741,0.1893744170665741
61-65,458,63,0.17765845358371735,0.17765845358371735
61-65,458,64,0.17323574423789978,0.17323574423789978
61-65,458,65,0.16649499535560608,0.16649499535560608
61-65,1952,61,0.1321268230676651,0.1321268230676651
61-65,1952,62,0.151018425822258,0.151018425822258
61-65,1952,63,0.1618616282939911,0.1618616282939911
61-65,1952,64,0.16599732637405396,0.16599732637405396
61-65,1952,65,0.16661517322063446,0.16661517322063446
61-65,574,61,0.015759527683258057,0.07626800239086151
61-65,574,62,0.009177072905004025,0.07913745194673538
61-65,574,63,0.07138525694608688,0.07138525694608688
61-65,574,64,0.06143929809331894,0.06143929809331894
61-65,574,65,0.06395015120506287,0.06395015120506287
