window,genome,horizon,test_ev_net,hold_ev_net,delta_vs_hold,train_events,test_events,stop_policy,stop_parameters,early_exit_rate,observed_ev_rank
11-15,1008,15,0.10770881175994873,0.104738749563694,0.002970067784190178,500,53,fixed_close,"[-0.04, 0.0]",0.05660377358490566,1
11-15,1008,14,0.09992582350969315,0.09677266329526901,0.003153163008391857,500,53,fixed_close,"[-0.04, 0.0]",0.05660377358490566,2
11-15,1008,13,0.09104771167039871,0.088813915848732,0.002233798149973154,500,53,fixed_close,"[-0.04, 0.0]",0.05660377358490566,3
11-15,1008,12,0.07335204631090164,0.08314603567123413,-0.009793974459171295,500,53,fixed_close,"[-0.02, 0.0]",0.20754716981132076,4
11-15,4320,15,0.06938917934894562,0.0792882889509201,-0.009899113327264786,500,325,fixed_close,"[-0.04, 0.0]",0.2553846153846154,5
11-15,1008,11,0.06917709857225418,0.07539805769920349,-0.006220962852239609,500,53,fixed_close,"[-0.02, 0.0]",0.18867924528301888,6
11-15,2124,15,0.06520602107048035,0.06520602107048035,0.0,500,333,hold,"[0.0, 0.0]",0.0,7
11-15,4320,14,0.06300855427980423,0.07307703793048859,-0.010068495757877827,500,325,fixed_close,"[-0.04, 0.0]",0.24307692307692308,8
11-15,3820,14,0.06113225594162941,0.06113225594162941,0.0,127,49,hold,"[0.0, 0.0]",0.0,9
11-15,3820,15,0.060251250863075256,0.060251250863075256,0.0,127,49,hold,"[0.0, 0.0]",0.0,10
11-15,2124,14,0.05951664224267006,0.05951664224267006,0.0,500,333,hold,"[0.0, 0.0]",0.0,11
11-15,3820,13,0.0567484013736248,0.0567484013736248,0.0,127,49,hold,"[0.0, 0.0]",0.0,12
11-15,3820,12,0.05260244756937027,0.05260244756937027,0.0,127,49,hold,"[0.0, 0.0]",0.0,13
6-10,1478,8,0.050869669765233994,0.05457374453544617,-0.0037040747702121735,108,48,trailing_close,"[0.0, 0.05]",0.4583333333333333,14
11-15,2990,15,0.04985636845231056,0.04985636845231056,0.0,500,211,hold,"[0.0, 0.0]",0.0,15
11-15,586,15,0.049013521522283554,0.05037136375904083,-0.0013578484067693353,500,383,fixed_close,"[-0.06, 0.0]",0.17232375979112272,16
11-15,586,14,0.04857231304049492,0.05009785294532776,-0.0015255337348207831,500,383,fixed_close,"[-0.06, 0.0]",0.16971279373368145,17
6-10,1478,6,0.045808881521224976,0.051603659987449646,-0.00579477846622467,108,48,trailing_close,"[0.0, 0.05]",0.25,18
6-10,3820,10,0.045368485152721405,0.045368485152721405,0.0,127,49,hold,"[0.0, 0.0]",0.0,19
11-15,3820,11,0.04504527896642685,0.04504527896642685,0.0,127,49,hold,"[0.0, 0.0]",0.0,20
6-10,1478,7,0.04441595450043678,0.04759101942181587,-0.003175068646669388,108,48,trailing_close,"[0.0, 0.05]",0.3125,21
11-15,1570,15,0.04333421215415001,0.061375830322504044,-0.018041614443063736,500,260,time_fail,"[0.0, 0.0]",0.4115384615384615,22
11-15,586,13,0.04251491650938988,0.04396381974220276,-0.0014489067252725363,500,383,fixed_close,"[-0.06, 0.0]",0.16449086161879894,23
11-15,2990,14,0.04203009977936745,0.04203009977936745,0.0,500,211,hold,"[0.0, 0.0]",0.0,24
6-10,3820,9,0.04156038537621498,0.04156038537621498,0.0,127,49,hold,"[0.0, 0.0]",0.0,25
11-15,1006,15,0.04074610769748688,0.04074610769748688,0.0,118,176,hold,"[0.0, 0.0]",0.0,26
11-15,1570,14,0.04043787717819214,0.05355491489171982,-0.013117036782205105,500,260,time_fail,"[0.0, 0.0]",0.3923076923076923,27
11-15,2124,13,0.0398058257997036,0.05001933500170708,-0.010213509202003479,500,333,trailing_close,"[0.0, 0.05]",0.2552552552552553,28
16-20,352,20,0.03916335850954056,0.03893013671040535,0.00023321933986153454,221,85,trailing_close,"[0.0, 0.08]",0.4470588235294118,29
11-15,2298,15,0.039159197360277176,0.039159197360277176,0.0,60,154,hold,"[0.0, 0.0]",0.0,30
6-10,4320,10,0.039121080189943314,0.04648793861269951,-0.007366854697465897,500,325,fixed_close,"[-0.04, 0.0]",0.20923076923076922,31
2-5,1660,4,0.03902411460876465,0.03730202466249466,0.0017220901791006327,139,30,fixed_close,"[-0.04, 0.0]",0.1,32
16-20,352,19,0.03835385665297508,0.0401667021214962,-0.0018128416268154979,221,85,trailing_close,"[0.0, 0.08]",0.4470588235294118,33
2-5,1660,5,0.0380873866379261,0.035146236419677734,0.0029411499854177237,139,30,fixed_close,"[-0.06, 0.0]",0.06666666666666667,34
16-20,976,18,0.037974003702402115,0.037974003702402115,0.0,107,122,hold,"[0.0, 0.0]",0.0,35
11-15,586,12,0.03709283098578453,0.03866606950759888,-0.0015732438769191504,500,383,fixed_close,"[-0.06, 0.0]",0.15404699738903394,36
11-15,1478,14,0.036774128675460815,0.036774128675460815,0.0,108,48,hold,"[0.0, 0.0]",0.0,37
16-20,976,17,0.036472346633672714,0.036472346633672714,0.0,107,122,hold,"[0.0, 0.0]",0.0,38
6-10,3820,8,0.0363532193005085,0.0363532193005085,0.0,127,49,hold,"[0.0, 0.0]",0.0,39
11-15,1006,14,0.03599776327610016,0.03599776327610016,0.0,118,176,hold,"[0.0, 0.0]",0.0,40
16-20,352,18,0.03565407544374466,0.03565407544374466,0.0,221,85,hold,"[0.0, 0.0]",0.0,41
11-15,1570,13,0.03540883585810661,0.045852504670619965,-0.010443669743835926,500,260,time_fail,"[0.0, 0.0]",0.4115384615384615,42
6-10,1478,9,0.03503100574016571,0.037023961544036865,-0.001992960460484028,108,48,trailing_close,"[0.0, 0.08]",0.3333333333333333,43
2-5,1660,3,0.03463389724493027,0.03463389724493027,0.0,139,30,hold,"[0.0, 0.0]",0.0,44
11-15,1006,13,0.034520044922828674,0.034520044922828674,0.0,118,176,hold,"[0.0, 0.0]",0.0,45
16-20,1122,19,0.03427979722619057,0.03427979722619057,0.0,113,66,hold,"[0.0, 0.0]",0.0,46
11-15,2124,12,0.034187961369752884,0.03968741372227669,-0.00549945468083024,500,333,trailing_close,"[0.0, 0.05]",0.24324324324324326,47
16-20,976,16,0.03418118134140968,0.03418118134140968,0.0,107,122,hold,"[0.0, 0.0]",0.0,48
11-15,4320,13,0.03399860858917236,0.0671549066901207,-0.03315629065036774,500,325,trailing_close,"[0.0, 0.025]",0.796923076923077,49
11-15,2990,13,0.03389823064208031,0.03389823064208031,0.0,500,211,hold,"[0.0, 0.0]",0.0,50
11-15,2298,13,0.03354063257575035,0.03354063257575035,0.0,60,154,hold,"[0.0, 0.0]",0.0,51
6-10,1660,8,0.03319938853383064,0.03319938853383064,0.0,139,30,hold,"[0.0, 0.0]",0.0,52
16-20,352,17,0.03245379403233528,0.03245379403233528,0.0,221,85,hold,"[0.0, 0.0]",0.0,53
11-15,4320,12,0.032282739877700806,0.06067479029297829,-0.028392048552632332,500,325,trailing_close,"[0.0, 0.025]",0.76,54
11-15,586,11,0.03195500746369362,0.03342071920633316,-0.0014657141873613,500,383,fixed_close,"[-0.06, 0.0]",0.14360313315926893,55
6-10,1660,7,0.03160972148180008,0.03160972148180008,0.0,139,30,hold,"[0.0, 0.0]",0.0,56
11-15,1006,12,0.031011419370770454,0.031011419370770454,0.0,118,176,hold,"[0.0, 0.0]",0.0,57
11-15,1570,12,0.03077632747590542,0.03718132898211479,-0.006405002903193235,500,260,time_fail,"[0.0, 0.0]",0.38076923076923075,58
11-15,976,15,0.03064117208123207,0.03064117208123207,0.0,107,122,hold,"[0.0, 0.0]",0.0,59
11-15,4320,11,0.030544821172952652,0.055140215903520584,-0.024595392867922783,500,325,trailing_close,"[0.0, 0.025]",0.6923076923076923,60
6-10,1006,10,0.030195612460374832,0.030195612460374832,0.0,118,177,hold,"[0.0, 0.0]",0.0,61
6-10,1660,6,0.030089402571320534,0.030089402571320534,0.0,139,30,hold,"[0.0, 0.0]",0.0,62
16-20,2930,20,0.029895585030317307,0.03509411960840225,-0.005198535975068808,189,50,trailing_close,"[0.0, 0.05]",0.64,63
11-15,1006,11,0.02942001260817051,0.02942001260817051,0.0,118,176,hold,"[0.0, 0.0]",0.0,64
11-15,976,14,0.029346849769353867,0.029346849769353867,0.0,107,122,hold,"[0.0, 0.0]",0.0,65
6-10,1570,10,0.02931966818869114,0.02931966818869114,0.0,500,260,hold,"[0.0, 0.0]",0.0,66
16-20,1122,18,0.02924838662147522,0.02924838662147522,0.0,113,66,hold,"[0.0, 0.0]",0.0,67
16-20,2930,19,0.02899438887834549,0.03446836769580841,-0.005473982077091932,189,50,trailing_close,"[0.0, 0.05]",0.64,68
16-20,1122,16,0.028964057564735413,0.028964057564735413,0.0,113,66,hold,"[0.0, 0.0]",0.0,69
11-15,2298,14,0.02891538292169571,0.03805842995643616,-0.009143044240772724,60,154,time_fail,"[0.0, 0.0]",0.474025974025974,70
6-10,1478,10,0.02885032445192337,0.023250991478562355,0.005599335301667452,108,48,trailing_close,"[0.0, 0.08]",0.3958333333333333,71
11-15,706,14,0.02866002358496189,0.05919502675533295,-0.030535010620951653,321,69,fixed_close,"[-0.02, 0.0]",0.5797101449275363,72
6-10,1660,9,0.028632815927267075,0.028632815927267075,0.0,139,30,hold,"[0.0, 0.0]",0.0,73
16-20,2930,18,0.027975326403975487,0.03441258519887924,-0.006437260657548904,189,50,trailing_close,"[0.0, 0.05]",0.6,74
11-15,706,15,0.027942907065153122,0.0634842962026596,-0.03554138168692589,321,69,fixed_close,"[-0.02, 0.0]",0.5942028985507246,75
11-15,2182,15,0.027863331139087677,0.027863331139087677,0.0,311,266,hold,"[0.0, 0.0]",0.0,76
16-20,976,20,0.027434827759861946,0.027434827759861946,0.0,107,122,hold,"[0.0, 0.0]",0.0,77
16-20,1122,17,0.02727869153022766,0.02727869153022766,0.0,113,66,hold,"[0.0, 0.0]",0.0,78
16-20,976,19,0.027269897982478142,0.027269897982478142,0.0,107,122,hold,"[0.0, 0.0]",0.0,79
16-20,352,16,0.027027830481529236,0.031957440078258514,-0.004929615184664726,221,85,time_fail,"[0.0, 0.0]",0.38823529411764707,80
11-15,706,13,0.02672373130917549,0.05570331588387489,-0.02897958643734455,321,69,fixed_close,"[-0.02, 0.0]",0.5652173913043478,81
16-20,2930,16,0.026524143293499947,0.03155428543686867,-0.005030140746384859,189,50,trailing_close,"[0.0, 0.05]",0.54,82
6-10,1006,8,0.026456071063876152,0.029683396220207214,-0.00322732119821012,118,179,fixed_close,"[-0.02, 0.0]",0.33519553072625696,83
6-10,4320,9,0.02637881599366665,0.0416598878800869,-0.015281072817742825,500,325,trailing_close,"[0.0, 0.025]",0.5969230769230769,84
11-15,1660,11,0.026321612298488617,0.026321612298488617,0.0,139,30,hold,"[0.0, 0.0]",0.0,85
6-10,4320,7,0.026295499876141548,0.030416952446103096,-0.004121452569961548,500,325,fixed_close,"[-0.04, 0.0]",0.1753846153846154,86
6-10,586,10,0.02628253772854805,0.02917991578578949,-0.0028973782900720835,500,383,fixed_close,"[-0.06, 0.0]",0.1279373368146214,87
11-15,2124,11,0.02612602524459362,0.03358636051416397,-0.007460339460521936,500,333,fixed_close,"[-0.02, 0.0]",0.3303303303303303,88
16-20,2930,17,0.02589840441942215,0.031190073117613792,-0.0052916668355464935,189,50,trailing_close,"[0.0, 0.05]",0.54,89
11-15,2298,12,0.025536224246025085,0.025536224246025085,0.0,60,154,hold,"[0.0, 0.0]",0.0,90
6-10,1006,9,0.02544720470905304,0.029263656586408615,-0.0038164546713232994,118,178,fixed_close,"[-0.02, 0.0]",0.3595505617977528,91
11-15,1570,11,0.025221679359674454,0.03378057852387428,-0.008558899164199829,500,260,time_fail,"[0.0, 0.0]",0.39615384615384613,92
11-15,706,12,0.025044463574886322,0.0511707104742527,-0.026126254349946976,321,69,fixed_close,"[-0.02, 0.0]",0.5652173913043478,93
6-10,4320,8,0.024962525814771652,0.035939477384090424,-0.010976948775351048,500,325,trailing_close,"[0.0, 0.025]",0.5476923076923077,94
6-10,2124,10,0.024603908881545067,0.03126797452569008,-0.00666406424716115,500,333,fixed_close,"[-0.02, 0.0]",0.30930930930930933,95
11-15,1478,11,0.02437213994562626,0.025854846462607384,-0.0014827079139649868,108,48,trailing_close,"[0.0, 0.08]",0.5625,96
2-5,1660,2,0.02418762445449829,0.02418762445449829,0.0,139,30,hold,"[0.0, 0.0]",0.0,97
6-10,1006,7,0.023847848176956177,0.027101146057248116,-0.003253296948969364,118,180,fixed_close,"[-0.02, 0.0]",0.3111111111111111,98
11-15,706,11,0.02370440773665905,0.04804253950715065,-0.0243381317704916,321,69,fixed_close,"[-0.02, 0.0]",0.5652173913043478,99
11-15,2990,12,0.023361923173069954,0.023361923173069954,0.0,500,211,hold,"[0.0, 0.0]",0.0,100
11-15,2182,14,0.023353639990091324,0.023353639990091324,0.0,311,266,hold,"[0.0, 0.0]",0.0,101
6-10,586,9,0.023161644116044044,0.02605840191245079,-0.0028967559337615967,500,383,fixed_close,"[-0.06, 0.0]",0.1227154046997389,102
6-10,1660,10,0.023103753104805946,0.023103753104805946,0.0,139,30,hold,"[0.0, 0.0]",0.0,103
16-20,3822,17,0.022649571299552917,0.02524404227733612,-0.002594464458525181,207,87,time_fail,"[0.0, 0.0]",0.4367816091954023,104
6-10,586,8,0.022427232936024666,0.02466229721903801,-0.0022350596264004707,500,383,fixed_close,"[-0.06, 0.0]",0.11488250652741515,105
6-10,586,6,0.02236785553395748,0.022892450913786888,-0.0005245950305834413,500,383,fixed_close,"[-0.06, 0.0]",0.10443864229765012,106
6-10,586,7,0.022203117609024048,0.023415518924593925,-0.0012124008499085903,500,383,fixed_close,"[-0.06, 0.0]",0.10704960835509138,107
6-10,1006,6,0.022171197459101677,0.024892721325159073,-0.002721523866057396,118,180,fixed_close,"[-0.02, 0.0]",0.28888888888888886,108
6-10,2124,9,0.021798476576805115,0.027070924639701843,-0.0052724494598805904,500,333,fixed_close,"[-0.02, 0.0]",0.2882882882882883,109
6-10,3202,7,0.021735789254307747,0.02219516970217228,-0.00045937890536151826,500,63,fixed_close,"[-0.04, 0.0]",0.25396825396825395,110
6-10,4320,6,0.021570665761828423,0.024644600227475166,-0.0030739346984773874,500,325,fixed_close,"[-0.04, 0.0]",0.14461538461538462,111
6-10,1570,8,0.0212271586060524,0.0212271586060524,0.0,500,260,hold,"[0.0, 0.0]",0.0,112
11-15,1478,15,0.021053070202469826,0.021053070202469826,0.0,108,48,hold,"[0.0, 0.0]",0.0,113
11-15,312,14,0.020873388275504112,0.020873388275504112,0.0,154,34,hold,"[0.0, 0.0]",0.0,114
2-5,586,5,0.020737426355481148,0.021490121260285378,-0.0007526931585744023,500,383,trailing_close,"[0.0, 0.05]",0.08093994778067885,115
11-15,1478,12,0.02058861404657364,0.023591799661517143,-0.0030031900387257338,108,48,trailing_close,"[0.0, 0.08]",0.625,116
16-20,3822,18,0.020276006311178207,0.023909900337457657,-0.003633893793448806,207,87,time_fail,"[0.0, 0.0]",0.4367816091954023,117
6-10,2124,6,0.020062118768692017,0.023657595738768578,-0.0035954760387539864,500,333,fixed_close,"[-0.02, 0.0]",0.19519519519519518,118
11-15,1478,13,0.01995857059955597,0.03912537917494774,-0.019166812300682068,108,48,trailing_close,"[0.0, 0.08]",0.6875,119
11-15,2182,13,0.01991463638842106,0.01991463638842106,0.0,311,266,hold,"[0.0, 0.0]",0.0,120
11-15,976,12,0.019596047699451447,0.019596047699451447,0.0,107,122,hold,"[0.0, 0.0]",0.0,121
11-15,2990,11,0.019528767094016075,0.019528767094016075,0.0,500,211,hold,"[0.0, 0.0]",0.0,122
6-10,2124,8,0.019340505823493004,0.023574473336338997,-0.004233968909829855,500,333,fixed_close,"[-0.02, 0.0]",0.25225225225225223,123
11-15,976,13,0.01888672448694706,0.01888672448694706,0.0,107,122,hold,"[0.0, 0.0]",0.0,124
6-10,1570,7,0.018256591632962227,0.018256591632962227,0.0,500,260,hold,"[0.0, 0.0]",0.0,125
6-10,2124,7,0.018172742798924446,0.02170666493475437,-0.0035339228343218565,500,333,fixed_close,"[-0.02, 0.0]",0.2222222222222222,126
2-5,1006,5,0.01795261539518833,0.018832487985491753,-0.0008798726485110819,118,180,fixed_close,"[-0.02, 0.0]",0.2611111111111111,127
6-10,1570,6,0.017756648361682892,0.017756648361682892,0.0,500,260,hold,"[0.0, 0.0]",0.0,128
16-20,828,17,0.017456496134400368,0.04635779187083244,-0.028901299461722374,156,81,fixed_close,"[-0.04, 0.0]",0.4567901234567901,129
6-10,3202,6,0.017275027930736542,0.019107766449451447,-0.0018327385187149048,500,63,fixed_close,"[-0.04, 0.0]",0.23809523809523808,130
11-15,1952,11,0.01712811179459095,0.03983684256672859,-0.022708741948008537,87,143,fixed_close,"[-0.02, 0.0]",0.6363636363636364,131
11-15,2298,11,0.0169850941747427,0.018150240182876587,-0.0011651433305814862,60,154,trailing_close,"[0.0, 0.08]",0.12337662337662338,132
11-15,2182,12,0.015671605244278908,0.015671605244278908,0.0,311,266,hold,"[0.0, 0.0]",0.0,133
2-5,3202,5,0.015340949408710003,0.01588940992951393,-0.0005484599387273192,500,63,fixed_close,"[-0.04, 0.0]",0.20634920634920634,134
16-20,1498,20,0.015288589522242546,0.007672794628888369,0.007615793962031603,100,133,time_fail,"[0.0, 0.0]",0.5488721804511278,135
16-20,828,16,0.014983545057475567,0.045266471803188324,-0.03028292767703533,156,81,fixed_close,"[-0.04, 0.0]",0.4567901234567901,136
11-15,1660,15,0.014714987948536873,0.014714987948536873,0.0,139,30,hold,"[0.0, 0.0]",0.0,137
6-10,1570,9,0.014613079838454723,0.023865748196840286,-0.009252669289708138,500,260,time_fail,"[0.0, 0.0]",0.3730769230769231,138
2-5,2992,5,0.014445072039961815,0.014445072039961815,0.0,500,500,hold,"[0.0, 0.0]",0.0,139
11-15,2182,11,0.01411678921431303,0.01411678921431303,0.0,311,266,hold,"[0.0, 0.0]",0.0,140
2-5,586,4,0.01389135979115963,0.016153743490576744,-0.0022623836994171143,500,383,fixed_close,"[-0.02, 0.0]",0.2793733681462141,141
11-15,312,15,0.013553638011217117,0.013553638011217117,0.0,154,34,hold,"[0.0, 0.0]",0.0,142
11-15,1952,13,0.013517049141228199,0.05047847330570221,-0.036961428821086884,87,143,trailing_close,"[0.0, 0.025]",0.9090909090909091,143
11-15,1952,12,0.013066950254142284,0.04485807195305824,-0.03179112449288368,87,143,trailing_close,"[0.0, 0.025]",0.8951048951048951,144
11-15,1952,14,0.012926310300827026,0.05499069020152092,-0.04206438735127449,87,143,trailing_close,"[0.0, 0.025]",0.9300699300699301,145
2-5,1006,4,0.012727570720016956,0.013676963746547699,-0.0009493952966295183,118,180,fixed_close,"[-0.02, 0.0]",0.20555555555555555,146
11-15,1952,15,0.01265240553766489,0.06242037191987038,-0.04976794123649597,87,143,trailing_close,"[0.0, 0.025]",0.9440559440559441,147
16-20,1952,20,0.012343689799308777,0.08029921352863312,-0.06795553117990494,87,143,trailing_close,"[0.0, 0.025]",0.986013986013986,148
16-20,1952,17,0.012251107953488827,0.072426438331604,-0.06017531454563141,87,143,trailing_close,"[0.0, 0.025]",0.972027972027972,149
16-20,1952,16,0.012250546365976334,0.06915267556905746,-0.05690213292837143,87,143,trailing_close,"[0.0, 0.025]",0.958041958041958,150
16-20,1952,18,0.012152708135545254,0.07547694444656372,-0.06332424283027649,87,143,trailing_close,"[0.0, 0.025]",0.9790209790209791,151
16-20,1952,19,0.012066054157912731,0.07640980929136276,-0.06434374302625656,87,143,trailing_close,"[0.0, 0.025]",0.9790209790209791,152
11-15,976,11,0.01162941474467516,0.01706402190029621,-0.005434609483927488,107,122,time_fail,"[0.0, 0.0]",0.6065573770491803,153
6-10,3202,8,0.011589006520807743,0.010427060537040234,0.0011619464494287968,500,63,fixed_close,"[-0.04, 0.0]",0.30158730158730157,154
11-15,3202,11,0.011469502933323383,0.011214409954845905,0.000255091639701277,500,61,fixed_close,"[-0.04, 0.0]",0.39344262295081966,155
6-10,3820,7,0.011003637686371803,0.021057868376374245,-0.010054227896034718,127,49,fixed_close,"[-0.02, 0.0]",0.3469387755102041,156
2-5,2574,5,0.010966203175485134,0.01658407784998417,-0.005617873277515173,273,106,trailing_close,"[0.0, 0.025]",0.3113207547169811,157
6-10,3202,9,0.01044308952987194,0.00983758270740509,0.0006055084522813559,500,63,fixed_close,"[-0.04, 0.0]",0.30158730158730157,158
2-5,2254,5,0.010427284985780716,0.01027754507958889,0.0001497394550824538,113,45,time_fail,"[0.0, 0.0]",0.4,159
6-10,3202,10,0.009884972125291824,0.009657413698732853,0.0002275589940836653,500,62,fixed_close,"[-0.04, 0.0]",0.3870967741935484,160
2-5,2574,4,0.009723342023789883,0.01045787800103426,-0.000734534696675837,273,107,trailing_close,"[0.0, 0.025]",0.14953271028037382,161
16-20,1498,19,0.009558813646435738,0.003371943486854434,0.0061868708580732346,100,133,time_fail,"[0.0, 0.0]",0.5789473684210527,162
11-15,1034,14,0.009410690516233444,0.021623928099870682,-0.012213235720992088,500,500,trailing_close,"[0.0, 0.025]",0.908,163
2-5,2254,3,0.008991539478302002,0.008916613645851612,7.492560689570382e-05,113,45,fixed_close,"[-0.04, 0.0]",0.06666666666666667,164
6-10,2182,10,0.008933499455451965,0.012396854348480701,-0.0034633553586900234,311,266,time_fail,"[0.0, 0.0]",0.5263157894736842,165
6-10,1014,10,0.008822079747915268,0.007769682910293341,0.0010523974196985364,163,171,trailing_close,"[0.0, 0.025]",0.6023391812865497,166
6-10,2182,9,0.008697571232914925,0.008697571232914925,0.0,311,266,hold,"[0.0, 0.0]",0.0,167
11-15,1660,12,0.008612164296209812,0.024901561439037323,-0.016289396211504936,139,30,time_fail,"[0.0, 0.0]",0.5,168
11-15,1660,13,0.008266501128673553,0.02001475729048252,-0.011748256161808968,139,30,time_fail,"[0.0, 0.0]",0.5333333333333333,169
11-15,3202,12,0.008185896091163158,0.008370139636099339,-0.00018424447625875473,500,60,fixed_close,"[-0.04, 0.0]",0.4,170
2-5,1922,5,0.00806714128702879,0.008250025101006031,-0.00018288353749085218,117,141,fixed_close,"[-0.02, 0.0]",0.2624113475177305,171
6-10,2182,7,0.007996962405741215,0.007996962405741215,0.0,311,266,hold,"[0.0, 0.0]",0.0,172
11-15,3202,13,0.007913989014923573,0.007930184714496136,-1.6195450371014886e-05,500,60,fixed_close,"[-0.04, 0.0]",0.43333333333333335,173
11-15,2800,15,0.0076768286526203156,0.023916807025671005,-0.01623998023569584,422,388,trailing_close,"[0.0, 0.025]",0.8015463917525774,174
2-5,586,3,0.007652197498828173,0.00784972682595253,-0.0001975295745069161,500,383,fixed_close,"[-0.02, 0.0]",0.16971279373368145,175
2-5,1006,3,0.007628412451595068,0.007411428727209568,0.00021698305499739945,118,180,fixed_close,"[-0.02, 0.0]",0.11666666666666667,176
16-20,3822,20,0.007577651645988226,0.02483847737312317,-0.017260827124118805,207,86,fixed_close,"[-0.02, 0.0]",0.43023255813953487,177
11-15,1660,14,0.007530817296355963,0.013369341380894184,-0.005838524084538221,139,30,time_fail,"[0.0, 0.0]",0.5333333333333333,178
16-20,1498,18,0.00731439795345068,0.0016082036308944225,0.0057061947882175446,100,133,time_fail,"[0.0, 0.0]",0.5714285714285714,179
6-10,1014,8,0.0070831929333508015,0.007367744576185942,-0.00028455170104280114,163,171,trailing_close,"[0.0, 0.025]",0.5087719298245614,180
6-10,1734,10,0.006813977845013142,0.007715076673775911,-0.0009010995272547007,500,408,trailing_close,"[0.0, 0.025]",0.6274509803921569,181
16-20,1498,17,0.006742034573107958,0.0003565012011677027,0.0063855345360934734,100,133,time_fail,"[0.0, 0.0]",0.5714285714285714,182
2-5,3202,4,0.006662989035248756,0.00570625439286232,0.0009567343513481319,500,63,fixed_close,"[-0.04, 0.0]",0.1746031746031746,183
11-15,2800,14,0.006646465975791216,0.02029813639819622,-0.013651669956743717,422,388,trailing_close,"[0.0, 0.025]",0.7628865979381443,184
16-20,3822,16,0.0065931519493460655,0.025088084861636162,-0.01849493198096752,207,87,fixed_close,"[-0.02, 0.0]",0.3448275862068966,185
6-10,2182,8,0.00653457036241889,0.00653457036241889,0.0,311,266,hold,"[0.0, 0.0]",0.0,186
16-20,3822,19,0.006312088575214148,0.02342705801129341,-0.017114968970417976,207,87,fixed_close,"[-0.02, 0.0]",0.41379310344827586,187
11-15,3202,15,0.006310015916824341,0.00534635316580534,0.0009636626928113401,500,60,fixed_close,"[-0.04, 0.0]",0.45,188
11-15,2800,13,0.00627356069162488,0.018156250938773155,-0.011882689781486988,422,388,trailing_close,"[0.0, 0.025]",0.7164948453608248,189
16-20,1498,16,0.006237603724002838,0.002356561366468668,0.003881041659042239,100,133,time_fail,"[0.0, 0.0]",0.5488721804511278,190
11-15,3202,14,0.005838102661073208,0.005424050614237785,0.0004140519304201007,500,60,fixed_close,"[-0.04, 0.0]",0.43333333333333335,191
6-10,2234,6,0.005769945215433836,0.005112375132739544,0.0006575716543011367,500,495,fixed_close,"[-0.04, 0.0]",0.23636363636363636,192
6-10,1224,7,0.005604415200650692,0.007254785858094692,-0.001650370890274644,500,500,fixed_close,"[-0.04, 0.0]",0.322,193
2-5,2254,4,0.005527281202375889,0.009499229490756989,-0.003971947357058525,113,45,fixed_close,"[-0.04, 0.0]",0.1111111111111111,194
11-15,2800,12,0.005507942754775286,0.016465002670884132,-0.01095705945044756,422,388,trailing_close,"[0.0, 0.025]",0.6855670103092784,195
2-5,1922,4,0.005421196110546589,0.004557062406092882,0.000864134868606925,117,141,fixed_close,"[-0.02, 0.0]",0.18439716312056736,196
6-10,2182,6,0.005247148219496012,0.00525616155937314,-9.01329804037232e-06,311,266,time_fail,"[0.0, 0.0]",0.45112781954887216,197
11-15,2800,11,0.005178493447601795,0.012584555894136429,-0.007406061980873346,422,388,trailing_close,"[0.0, 0.025]",0.6494845360824743,198
6-10,1734,7,0.005057058297097683,0.0029102691914886236,0.002146790036931634,500,408,trailing_close,"[0.0, 0.025]",0.4215686274509804,199
2-5,2234,5,0.004944900516420603,0.004859152249991894,8.574802632210776e-05,500,495,trailing_close,"[0.0, 0.05]",0.08686868686868687,200
6-10,1734,8,0.0048186578787863255,0.0048186578787863255,0.0,500,408,hold,"[0.0, 0.0]",0.0,201
16-20,3292,17,0.004686338827013969,0.011578675359487534,-0.006892338395118713,184,239,fixed_close,"[-0.02, 0.0]",0.5355648535564853,202
2-5,4298,5,0.0046812803484499454,0.008114941418170929,-0.003433661302551627,176,54,fixed_close,"[-0.02, 0.0]",0.24074074074074073,203
6-10,1014,7,0.004636104218661785,0.004634954500943422,1.1508750503708143e-06,163,171,trailing_close,"[0.0, 0.025]",0.4502923976608187,204
6-10,2234,7,0.004623526707291603,0.004159340634942055,0.0004641865671146661,500,495,fixed_close,"[-0.06, 0.0]",0.1494949494949495,205
2-5,2992,4,0.004584283102303743,0.010093221440911293,-0.005508939735591412,500,500,fixed_close,"[-0.02, 0.0]",0.318,206
6-10,2340,9,0.004582754336297512,0.004582754336297512,0.0,168,228,hold,"[0.0, 0.0]",0.0,207
16-20,3292,18,0.004574358928948641,0.010685883462429047,-0.006111523602157831,184,238,fixed_close,"[-0.02, 0.0]",0.5462184873949579,208
2-5,2340,5,0.004510489758104086,0.004305269103497267,0.0002052201598417014,168,229,time_fail,"[0.0, 0.0]",0.4104803493449782,209
11-15,2234,14,0.00450875936076045,0.0032985215075314045,0.0012102390173822641,500,490,fixed_close,"[-0.02, 0.0]",0.6224489795918368,210
11-15,1034,12,0.00439344672486186,0.011688955128192902,-0.007295508868992329,500,500,trailing_close,"[0.0, 0.025]",0.824,211
6-10,540,8,0.004391864407807589,0.006345557980239391,-0.0019536945037543774,500,500,trailing_close,"[0.0, 0.025]",0.648,212
16-20,3292,19,0.004320238716900349,0.010340736247599125,-0.0060204993933439255,184,238,fixed_close,"[-0.02, 0.0]",0.5630252100840336,213
6-10,2340,6,0.004286538809537888,0.003651158418506384,0.0006353805656544864,168,229,fixed_close,"[-0.04, 0.0]",0.31877729257641924,214
16-20,3292,16,0.0042646778747439384,0.009935233741998672,-0.005670556332916021,184,239,fixed_close,"[-0.02, 0.0]",0.5313807531380753,215
2-5,996,4,0.004263130947947502,0.004263130947947502,0.0,500,400,hold,"[0.0, 0.0]",0.0,216
16-20,3842,16,0.00425174692645669,0.015534116886556149,-0.011282369494438171,500,500,fixed_close,"[-0.02, 0.0]",0.538,217
6-10,3820,6,0.004049306735396385,0.014031306840479374,-0.009981999173760414,127,49,fixed_close,"[-0.02, 0.0]",0.3469387755102041,218
6-10,2800,10,0.004037020727992058,0.011756607331335545,-0.007719587534666061,422,388,trailing_close,"[0.0, 0.025]",0.6056701030927835,219
6-10,1224,10,0.003982832655310631,0.008508889004588127,-0.004526057746261358,500,500,fixed_close,"[-0.04, 0.0]",0.406,220
11-15,540,15,0.003972899168729782,0.027609599754214287,-0.023636700585484505,500,500,trailing_close,"[0.0, 0.025]",0.906,221
6-10,1734,9,0.003791410941630602,0.00728852953761816,-0.003497121389955282,500,408,time_fail,"[0.0, 0.0]",0.49264705882352944,222
2-5,1998,5,0.0037786290049552917,0.005334651563316584,-0.0015560220927000046,180,152,trailing_close,"[0.0, 0.08]",0.09868421052631579,223
2-5,2254,2,0.0036989401560276747,0.0036989401560276747,0.0,113,45,hold,"[0.0, 0.0]",0.0,224
6-10,1224,9,0.003670956939458847,0.007120724767446518,-0.003449769224971533,500,500,fixed_close,"[-0.04, 0.0]",0.378,225
16-20,3842,17,0.003542603924870491,0.014879441820085049,-0.011336837895214558,500,500,fixed_close,"[-0.02, 0.0]",0.56,226
2-5,2992,3,0.003501868573948741,0.0061553725972771645,-0.00265350379049778,500,500,fixed_close,"[-0.02, 0.0]",0.208,227
16-20,3292,20,0.00346112297847867,0.009913700632750988,-0.006452579982578754,184,238,fixed_close,"[-0.02, 0.0]",0.5714285714285714,228
6-10,540,7,0.0034268430899828672,0.006693518720567226,-0.00326667632907629,500,500,fixed_close,"[-0.06, 0.0]",0.202,229
6-10,2800,9,0.003358337329700589,0.008273860439658165,-0.004915522411465645,422,388,trailing_close,"[0.0, 0.025]",0.5438144329896907,230
6-10,1034,9,0.0033474662341177464,0.007593708112835884,-0.004246240481734276,500,500,trailing_close,"[0.0, 0.025]",0.684,231
11-15,1034,11,0.0033215926960110664,0.011978904716670513,-0.008657312020659447,500,500,trailing_close,"[0.0, 0.025]",0.794,232
11-15,1034,13,0.003272528061643243,0.01583264023065567,-0.01256011426448822,500,500,trailing_close,"[0.0, 0.025]",0.848,233
2-5,3202,3,0.00321625336073339,0.0025257121305912733,0.0006905412883497775,500,64,fixed_close,"[-0.04, 0.0]",0.09375,234
6-10,1224,6,0.003099920228123665,0.004938085563480854,-0.0018381645204499364,500,500,fixed_close,"[-0.04, 0.0]",0.288,235
2-5,996,5,0.0030068245250731707,0.0046407729387283325,-0.0016339481808245182,500,400,time_fail,"[0.0, 0.0]",0.35,236
11-15,2234,15,0.0030009220354259014,0.0026277697179466486,0.0003731528704520315,500,489,fixed_close,"[-0.02, 0.0]",0.6257668711656442,237
16-20,3842,20,0.0029823414515703917,0.012029432691633701,-0.009047090075910091,500,500,fixed_close,"[-0.02, 0.0]",0.61,238
6-10,2340,10,0.002976967953145504,0.00505796866491437,-0.0020810002461075783,168,225,fixed_close,"[-0.04, 0.0]",0.48,239
11-15,2234,13,0.002886821748688817,0.0006103272316977382,0.002276495099067688,500,490,fixed_close,"[-0.02, 0.0]",0.6081632653061224,240
6-10,540,9,0.002863915404304862,0.007937446236610413,-0.005073531996458769,500,500,trailing_close,"[0.0, 0.025]",0.702,241
2-5,2340,3,0.0028119985945522785,0.0028119985945522785,0.0,168,230,hold,"[0.0, 0.0]",0.0,242
2-5,1922,3,0.0027848538011312485,0.002727503888309002,5.7349709095433354e-05,117,141,fixed_close,"[-0.06, 0.0]",0.0070921985815602835,243
6-10,1224,8,0.0027549073565751314,0.0046509746462106705,-0.0018960668239742517,500,500,fixed_close,"[-0.04, 0.0]",0.352,244
6-10,2234,8,0.0027146898210048676,0.003629007376730442,-0.0009143169736489654,500,494,fixed_close,"[-0.06, 0.0]",0.18016194331983806,245
2-5,2574,3,0.0026797454338520765,0.0026797454338520765,0.0,273,108,hold,"[0.0, 0.0]",0.0,246
6-10,2340,7,0.002648928202688694,0.0065115527249872684,-0.003862624056637287,168,229,fixed_close,"[-0.04, 0.0]",0.37554585152838427,247
16-20,3842,19,0.002604290610179305,0.011489475145936012,-0.008885184302926064,500,500,fixed_close,"[-0.02, 0.0]",0.602,248
6-10,2800,8,0.0025176831986755133,0.0061509315855801105,-0.0036332488525658846,422,388,trailing_close,"[0.0, 0.025]",0.48195876288659795,249
2-5,2340,4,0.0025046442169696093,0.0028591586742550135,-0.00035451442818157375,168,230,trailing_close,"[0.0, 0.025]",0.1826086956521739,250
16-20,3842,18,0.002361473860219121,0.011873727664351463,-0.00951225496828556,500,500,fixed_close,"[-0.02, 0.0]",0.586,251
2-5,798,4,0.002358871279284358,0.003192707197740674,-0.0008338349871337414,182,98,fixed_close,"[-0.02, 0.0]",0.21428571428571427,252
6-10,540,10,0.0022892265114933252,0.00958454143255949,-0.007295314688235521,500,500,trailing_close,"[0.0, 0.025]",0.76,253
11-15,540,11,0.0022840388119220734,0.014668963849544525,-0.012384925037622452,500,500,trailing_close,"[0.0, 0.025]",0.808,254
11-15,540,12,0.002146057551726699,0.015005197376012802,-0.01285913959145546,500,500,trailing_close,"[0.0, 0.025]",0.854,255
2-5,4298,2,0.0020598960109055042,0.0020598960109055042,0.0,176,54,hold,"[0.0, 0.0]",0.0,256
2-5,1006,2,0.0020481557585299015,0.0020481557585299015,0.0,118,180,hold,"[0.0, 0.0]",0.0,257
6-10,2234,9,0.0020164810121059418,0.004523996729403734,-0.0025075171142816544,500,494,fixed_close,"[-0.06, 0.0]",0.21862348178137653,258
2-5,2182,5,0.0020108220633119345,0.0021959017030894756,-0.00018508004723116755,311,266,trailing_close,"[0.0, 0.08]",0.02631578947368421,259
6-10,1034,8,0.0019088038243353367,0.007476917468011379,-0.005568112712353468,500,500,trailing_close,"[0.0, 0.025]",0.622,260
6-10,1734,6,0.001849678810685873,0.001849678810685873,0.0,500,408,hold,"[0.0, 0.0]",0.0,261
11-15,1034,15,0.001786360633559525,0.016520924866199493,-0.01473456434905529,500,500,trailing_close,"[0.0, 0.025]",0.91,262
6-10,2340,8,0.0016851172549650073,0.004133556038141251,-0.0024484379682689905,168,229,fixed_close,"[-0.04, 0.0]",0.4148471615720524,263
2-5,996,3,0.0015928767388686538,0.0008324494701810181,0.0007604273268952966,500,400,fixed_close,"[-0.04, 0.0]",0.0425,264
6-10,540,6,0.0015424519078806043,0.003602240700274706,-0.002059789141640067,500,500,fixed_close,"[-0.06, 0.0]",0.16,265
2-5,798,5,0.0015311792958527803,0.005727728828787804,-0.004196550231426954,182,98,fixed_close,"[-0.02, 0.0]",0.2857142857142857,266
6-10,2800,7,0.0013497211039066315,0.0015780840767547488,-0.00022836322023067623,422,388,trailing_close,"[0.0, 0.025]",0.42783505154639173,267
16-20,3976,16,0.0013455563457682729,0.0013455563457682729,0.0,82,115,hold,"[0.0, 0.0]",0.0,268
6-10,2234,10,0.0012627628166228533,0.004923899658024311,-0.0036611382383853197,500,494,fixed_close,"[-0.06, 0.0]",0.25303643724696356,269
6-10,1014,6,0.0010319488355889916,0.0002791612350847572,0.0007527875131927431,163,171,trailing_close,"[0.0, 0.025]",0.34502923976608185,270
11-15,2234,12,0.0009726004209369421,0.0014407183043658733,-0.00046811861102469265,500,491,fixed_close,"[-0.04, 0.0]",0.42973523421588594,271
6-10,1034,6,0.0006670637521892786,0.004519985523074865,-0.0038529220037162304,500,500,trailing_close,"[0.0, 0.025]",0.422,272
2-5,798,3,0.0003378446854185313,0.0008999850251711905,-0.0005621402524411678,182,98,fixed_close,"[-0.02, 0.0]",0.12244897959183673,273
6-10,1014,9,0.0002936442324426025,0.007341153919696808,-0.007047511171549559,163,171,fixed_close,"[-0.02, 0.0]",0.4678362573099415,274
11-15,2234,11,0.00019510756828822196,0.0019602032843977213,-0.0017650950467213988,500,492,fixed_close,"[-0.04, 0.0]",0.39634146341463417,275
16-20,3976,20,4.1938961658161134e-05,4.1938961658161134e-05,0.0,82,115,hold,"[0.0, 0.0]",0.0,276
2-5,2234,4,-0.0001670211204327643,0.0014409527648240328,-0.001607973244972527,500,495,fixed_close,"[-0.02, 0.0]",0.3090909090909091,277
2-5,2340,2,-0.00019641545077320188,-0.00019641545077320188,0.0,168,230,hold,"[0.0, 0.0]",0.0,278
2-5,4298,3,-0.00024376105284318328,0.00010070783901028335,-0.0003444691828917712,176,54,fixed_close,"[-0.02, 0.0]",0.07407407407407407,279
6-10,426,10,-0.0003916459099855274,0.008215791545808315,-0.008607438765466213,500,500,fixed_close,"[-0.02, 0.0]",0.554,280
2-5,1998,4,-0.0004853774735238403,0.0012397258542478085,-0.00172510277479887,180,152,trailing_close,"[0.0, 0.025]",0.21710526315789475,281
6-10,1034,10,-0.0005123629816807806,0.009986485354602337,-0.010498848743736744,500,500,trailing_close,"[0.0, 0.025]",0.766,282
16-20,3976,17,-0.0005671317921951413,-0.0005671317921951413,0.0,82,115,hold,"[0.0, 0.0]",0.0,283
6-10,426,9,-0.0006013619713485241,0.007272040005773306,-0.00787340197712183,500,500,trailing_close,"[0.0, 0.025]",0.666,284
2-5,4298,4,-0.0006230503786355257,0.0018075709231197834,-0.002430621301755309,176,54,fixed_close,"[-0.02, 0.0]",0.18518518518518517,285
6-10,2800,6,-0.0006922341999597847,0.0001576385402586311,-0.0008498726529069245,422,388,trailing_close,"[0.0, 0.025]",0.30670103092783507,286
2-5,540,5,-0.0006925706984475255,-0.0020838461350649595,0.0013912759022787213,500,500,fixed_close,"[-0.02, 0.0]",0.432,287
2-5,1922,2,-0.0009483403409831226,-0.0009483403409831226,0.0,117,141,hold,"[0.0, 0.0]",0.0,288
2-5,540,3,-0.001040255301631987,-0.0013155114138498902,0.0002752562868408859,500,500,fixed_close,"[-0.02, 0.0]",0.194,289
11-15,540,13,-0.001304611680097878,0.017912155017256737,-0.019216766580939293,500,500,trailing_close,"[0.0, 0.025]",0.884,290
2-5,1998,3,-0.0013961242511868477,-0.0013961242511868477,0.0,180,152,hold,"[0.0, 0.0]",0.0,291
6-10,426,8,-0.0014395804610103369,0.003415883518755436,-0.004855464678257704,500,500,trailing_close,"[0.0, 0.025]",0.606,292
2-5,586,2,-0.0014751387061551213,-0.0014751387061551213,0.0,500,383,hold,"[0.0, 0.0]",0.0,293
2-5,1014,5,-0.0016040157061070204,-0.00316243851557374,0.0015584229258820415,163,171,trailing_close,"[0.0, 0.025]",0.23391812865497075,294
2-5,3202,2,-0.0017697371076792479,-0.0017697371076792479,0.0,500,65,hold,"[0.0, 0.0]",0.0,295
2-5,996,2,-0.0018019708804786205,-0.0018019708804786205,0.0,500,400,hold,"[0.0, 0.0]",0.0,296
16-20,3976,19,-0.0018492700764909387,-0.0018492700764909387,0.0,82,115,hold,"[0.0, 0.0]",0.0,297
16-20,1444,18,-0.0019174875924363732,0.0007875521550886333,-0.002705039456486702,460,111,fixed_close,"[-0.02, 0.0]",0.44144144144144143,298
16-20,3976,18,-0.001945702824741602,-0.001945702824741602,0.0,82,115,hold,"[0.0, 0.0]",0.0,299
16-20,1444,19,-0.001969660632312298,0.002491937717422843,-0.0044615985825657845,460,111,fixed_close,"[-0.02, 0.0]",0.4594594594594595,300
2-5,2574,2,-0.002038322389125824,-0.002038322389125824,0.0,273,108,hold,"[0.0, 0.0]",0.0,301
2-5,756,3,-0.0021526420023292303,-0.0021526420023292303,0.0,123,142,hold,"[0.0, 0.0]",0.0,302
6-10,426,7,-0.002195031614974141,0.0032658919226378202,-0.005460924003273249,500,500,fixed_close,"[-0.02, 0.0]",0.468,303
2-5,798,2,-0.0022702061105519533,-0.0022702061105519533,0.0,182,98,hold,"[0.0, 0.0]",0.0,304
11-15,540,14,-0.0023198071867227554,0.020136486738920212,-0.02245629020035267,500,500,trailing_close,"[0.0, 0.025]",0.888,305
16-20,1444,20,-0.0024071265943348408,0.002542506903409958,-0.004949634894728661,460,111,fixed_close,"[-0.02, 0.0]",0.4594594594594595,306
16-20,1444,16,-0.0024780735839158297,0.0010472680442035198,-0.003525341162458062,460,111,fixed_close,"[-0.02, 0.0]",0.4144144144144144,307
2-5,2234,3,-0.002521297661587596,-0.002653556177392602,0.00013225822476670146,500,495,fixed_close,"[-0.06, 0.0]",0.01616161616161616,308
2-5,540,4,-0.00257324636913836,-0.0029858574271202087,0.0004126109997741878,500,500,fixed_close,"[-0.02, 0.0]",0.33,309
2-5,2182,3,-0.0027031709905713797,-0.0026331155095249414,-7.005570660112426e-05,311,266,fixed_close,"[-0.06, 0.0]",0.03383458646616541,310
2-5,1014,3,-0.002765406621620059,-0.0015005044406279922,-0.0012649015989154577,163,171,fixed_close,"[-0.02, 0.0]",0.15204678362573099,311
2-5,2182,4,-0.002882174216210842,-0.000578817562200129,-0.0023033563047647476,311,266,trailing_close,"[0.0, 0.025]",0.12781954887218044,312
6-10,426,6,-0.002948374254629016,0.0015503844479098916,-0.004498759284615517,500,500,fixed_close,"[-0.02, 0.0]",0.43,313
2-5,2992,2,-0.0030408576130867004,-0.0030408576130867004,0.0,500,500,hold,"[0.0, 0.0]",0.0,314
16-20,978,20,-0.003053533611819148,0.009832174517214298,-0.012885712087154388,184,126,trailing_close,"[0.0, 0.025]",0.9920634920634921,315
16-20,1444,17,-0.0032303370535373688,-0.00018559386080596596,-0.00304474332369864,460,111,fixed_close,"[-0.02, 0.0]",0.43243243243243246,316
16-20,978,18,-0.003248178865760565,0.009585577994585037,-0.012833756394684315,184,126,trailing_close,"[0.0, 0.025]",0.9523809523809523,317
16-20,978,19,-0.003282144432887435,0.013075255788862705,-0.01635739952325821,184,126,trailing_close,"[0.0, 0.025]",0.9761904761904762,318
2-5,756,4,-0.003322574542835355,-0.003322574542835355,0.0,123,142,hold,"[0.0, 0.0]",0.0,319
2-5,756,2,-0.003428949508816004,-0.003428949508816004,0.0,123,142,hold,"[0.0, 0.0]",0.0,320
16-20,1120,16,-0.0035937291104346514,-0.0035937291104346514,0.0,500,500,hold,"[0.0, 0.0]",0.0,321
2-5,756,5,-0.0036739110946655273,-0.001477990299463272,-0.002195918932557106,123,142,trailing_close,"[0.0, 0.05]",0.19718309859154928,322
2-5,1010,5,-0.0038471422158181667,-0.005307611543685198,0.001460469327867031,123,125,time_fail,"[0.0, 0.0]",0.44,323
2-5,1014,4,-0.003909229766577482,-0.002242596819996834,-0.0016666328301653266,163,171,fixed_close,"[-0.02, 0.0]",0.25146198830409355,324
16-20,1550,20,-0.003923858981579542,-0.0043167732656002045,0.00039291573921218514,500,500,fixed_close,"[-0.06, 0.0]",0.322,325
16-20,274,17,-0.004094545263797045,-0.004094545263797045,0.0,278,163,hold,"[0.0, 0.0]",0.0,326
2-5,1010,2,-0.004364170134067535,-0.004364170134067535,0.0,123,125,hold,"[0.0, 0.0]",0.0,327
16-20,978,16,-0.004711447283625603,0.005772270727902651,-0.010483719408512115,184,130,trailing_close,"[0.0, 0.025]",0.9384615384615385,328
16-20,978,17,-0.004729894921183586,0.008342326618731022,-0.013072222471237183,184,129,trailing_close,"[0.0, 0.025]",0.9457364341085271,329
2-5,1010,4,-0.004742578137665987,-0.005598185118287802,0.0008556073298677802,123,125,trailing_close,"[0.0, 0.025]",0.176,330
16-20,1878,20,-0.004864680115133524,-0.004864680115133524,0.0,70,82,hold,"[0.0, 0.0]",0.0,331
16-20,1550,19,-0.005017447285354137,-0.0038845071103423834,-0.0011329429689794779,500,500,fixed_close,"[-0.06, 0.0]",0.31,332
16-20,1878,19,-0.005039913114160299,-0.005039913114160299,0.0,70,82,hold,"[0.0, 0.0]",0.0,333
16-20,828,19,-0.0051272218115627766,0.044599808752536774,-0.04972703382372856,156,81,trailing_close,"[0.0, 0.025]",0.9876543209876543,334
16-20,828,20,-0.0051272218115627766,0.043496839702129364,-0.04862406849861145,156,81,trailing_close,"[0.0, 0.025]",1.0,335
2-5,1010,3,-0.005147507879883051,-0.005147507879883051,0.0,123,125,hold,"[0.0, 0.0]",0.0,336
16-20,1550,18,-0.005244342610239983,-0.003688853234052658,-0.0015554892597720027,500,500,fixed_close,"[-0.06, 0.0]",0.3,337
6-10,1034,7,-0.00534680113196373,-0.001669467194005847,-0.00367733440361917,500,500,trailing_close,"[0.0, 0.025]",0.526,338
16-20,828,18,-0.0054504480212926865,0.04567813128232956,-0.051128581166267395,156,81,trailing_close,"[0.0, 0.025]",0.9629629629629629,339
16-20,274,16,-0.005749946925789118,-0.005749946925789118,0.0,278,163,hold,"[0.0, 0.0]",0.0,340
2-5,2182,2,-0.005916649010032415,-0.005916649010032415,0.0,311,266,hold,"[0.0, 0.0]",0.0,341
16-20,1550,17,-0.006104849744588137,-0.00595488166436553,-0.00014996909885667264,500,500,fixed_close,"[-0.06, 0.0]",0.296,342
16-20,274,19,-0.006957033649086952,-0.006957033649086952,0.0,278,163,hold,"[0.0, 0.0]",0.0,343
2-5,1998,2,-0.0070396605879068375,-0.0070396605879068375,0.0,180,152,hold,"[0.0, 0.0]",0.0,344
2-5,540,2,-0.007050772663205862,-0.007050772663205862,0.0,500,500,hold,"[0.0, 0.0]",0.0,345
16-20,274,18,-0.00718088960275054,-0.00718088960275054,0.0,278,163,hold,"[0.0, 0.0]",0.0,346
2-5,2234,2,-0.0072392914444208145,-0.0072392914444208145,0.0,500,495,hold,"[0.0, 0.0]",0.0,347
16-20,1120,17,-0.007274256553500891,-0.007274256553500891,0.0,500,500,hold,"[0.0, 0.0]",0.0,348
2-5,1732,5,-0.00779412966221571,-0.009343239478766918,0.0015491109807044268,500,433,fixed_close,"[-0.06, 0.0]",0.2632794457274827,349
2-5,180,4,-0.007843018509447575,-0.008112486451864243,0.00026946706930175424,500,500,fixed_close,"[-0.04, 0.0]",0.174,350
16-20,1878,17,-0.007885359227657318,-0.007885359227657318,0.0,70,83,hold,"[0.0, 0.0]",0.0,351
2-5,1014,2,-0.007905179634690285,-0.007905179634690285,0.0,163,171,hold,"[0.0, 0.0]",0.0,352
16-20,722,16,-0.008182243444025517,0.02757849171757698,-0.03576073423027992,114,66,trailing_close,"[0.0, 0.025]",0.9242424242424242,353
16-20,274,20,-0.008203024044632912,-0.008203024044632912,0.0,278,163,hold,"[0.0, 0.0]",0.0,354
6-10,1732,6,-0.00867441762238741,-0.008695753291249275,2.133501402568072e-05,500,432,fixed_close,"[-0.04, 0.0]",0.4398148148148148,355
2-5,180,2,-0.008738115429878235,-0.008738115429878235,0.0,500,500,hold,"[0.0, 0.0]",0.0,356
11-15,180,15,-0.008747383952140808,-0.013939570635557175,0.005192185286432505,500,500,trailing_close,"[0.0, 0.025]",0.926,357
6-10,1732,7,-0.008873180486261845,-0.006305331829935312,-0.0025678477250039577,500,431,fixed_close,"[-0.04, 0.0]",0.4756380510440835,358
16-20,722,20,-0.008889555931091309,0.02805444598197937,-0.03694400191307068,114,66,trailing_close,"[0.0, 0.025]",0.9545454545454546,359
16-20,722,19,-0.008983898907899857,0.030635638162493706,-0.03961953520774841,114,66,trailing_close,"[0.0, 0.025]",0.9545454545454546,360
16-20,722,17,-0.009022794663906097,0.028035229071974754,-0.0370580218732357,114,66,trailing_close,"[0.0, 0.025]",0.9242424242424242,361
16-20,1550,16,-0.009171580895781517,-0.006518138572573662,-0.0026534441858530045,500,500,fixed_close,"[-0.04, 0.0]",0.42,362
16-20,722,18,-0.009211655706167221,0.028709691017866135,-0.037921346724033356,114,66,trailing_close,"[0.0, 0.025]",0.9393939393939394,363
6-10,1732,9,-0.009360456839203835,-0.00616978807374835,-0.003190666902810335,500,430,fixed_close,"[-0.06, 0.0]",0.4255813953488372,364
11-15,180,14,-0.009361636824905872,-0.01532476581633091,0.005963129457086325,500,500,trailing_close,"[0.0, 0.025]",0.914,365
16-20,1878,18,-0.009480942972004414,-0.009480942972004414,0.0,70,83,hold,"[0.0, 0.0]",0.0,366
2-5,1732,4,-0.009584031999111176,-0.011535264551639557,0.0019512299913913012,500,434,trailing_close,"[0.0, 0.025]",0.2511520737327189,367
2-5,180,3,-0.00978025235235691,-0.00978025235235691,0.0,500,500,hold,"[0.0, 0.0]",0.0,368
16-20,1878,16,-0.009860077872872353,-0.009860077872872353,0.0,70,83,hold,"[0.0, 0.0]",0.0,369
11-15,180,13,-0.009951913729310036,-0.017519284039735794,0.007567367982119322,500,500,trailing_close,"[0.0, 0.025]",0.896,370
2-5,1732,2,-0.010120924562215805,-0.010120924562215805,0.0,500,436,hold,"[0.0, 0.0]",0.0,371
6-10,1732,10,-0.010136554948985577,-0.0043963114731013775,-0.005740243475884199,500,428,fixed_close,"[-0.06, 0.0]",0.4532710280373832,372
6-10,1732,8,-0.010557707399129868,-0.007136973552405834,-0.0034207338467240334,500,430,fixed_close,"[-0.04, 0.0]",0.5069767441860465,373
2-5,1732,3,-0.010585150681436062,-0.011117315851151943,0.0005321654607541859,500,435,fixed_close,"[-0.02, 0.0]",0.30114942528735633,374
16-20,1120,18,-0.010753726586699486,-0.010753726586699486,0.0,500,500,hold,"[0.0, 0.0]",0.0,375
2-5,974,4,-0.01079325471073389,-0.010967744514346123,0.0001744894980220124,72,84,trailing_close,"[0.0, 0.025]",0.09523809523809523,376
6-10,180,9,-0.011068509891629219,-0.01393591333180666,0.0028674015775322914,500,500,trailing_close,"[0.0, 0.025]",0.744,377
2-5,974,5,-0.011511646211147308,-0.012672719545662403,0.0011610734509304166,72,84,time_fail,"[0.0, 0.0]",0.5595238095238095,378
2-5,180,5,-0.01162070780992508,-0.012918487191200256,0.0012977796141058207,500,500,fixed_close,"[-0.04, 0.0]",0.26,379
16-20,1120,19,-0.011987336911261082,-0.011987336911261082,0.0,500,500,hold,"[0.0, 0.0]",0.0,380
6-10,180,6,-0.01292399037629366,-0.011008999310433865,-0.0019149895524606109,500,500,time_fail,"[0.0, 0.0]",0.506,381
2-5,974,2,-0.012946697883307934,-0.012946697883307934,0.0,72,84,hold,"[0.0, 0.0]",0.0,382
11-15,180,12,-0.012963877059519291,-0.015287148766219616,0.0023232733365148306,500,500,fixed_close,"[-0.04, 0.0]",0.492,383
11-15,180,11,-0.01310650072991848,-0.015184285119175911,0.002077784389257431,500,500,fixed_close,"[-0.04, 0.0]",0.468,384
6-10,180,7,-0.013196413405239582,-0.009874868206679821,-0.0033215449657291174,500,500,time_fail,"[0.0, 0.0]",0.578,385
6-10,180,8,-0.013531435281038284,-0.012808586470782757,-0.0007228503236547112,500,500,fixed_close,"[-0.04, 0.0]",0.398,386
2-5,974,3,-0.014242527075111866,-0.014242527075111866,0.0,72,84,hold,"[0.0, 0.0]",0.0,387
16-20,1120,20,-0.014362835325300694,-0.014362835325300694,0.0,500,500,hold,"[0.0, 0.0]",0.0,388
11-15,1732,11,-0.014500756748020649,-0.003925508353859186,-0.0105752507224679,500,426,fixed_close,"[-0.04, 0.0]",0.5845070422535211,389
6-10,180,10,-0.01470954529941082,-0.01717379502952099,0.0024642529897391796,500,500,fixed_close,"[-0.04, 0.0]",0.446,390
11-15,1732,12,-0.015932047739624977,-0.0033668281976133585,-0.012565217912197113,500,425,fixed_close,"[-0.04, 0.0]",0.6,391
6-10,2376,7,-0.018902050331234932,-0.015959281474351883,-0.002942771650850773,171,75,time_fail,"[0.0, 0.0]",0.64,392
11-15,1732,13,-0.01928868144750595,-0.010613122023642063,-0.00867555569857359,500,424,fixed_close,"[-0.04, 0.0]",0.6108490566037735,393
11-15,1732,14,-0.0226263590157032,-0.01280919834971428,-0.009817159734666348,500,423,fixed_close,"[-0.04, 0.0]",0.6264775413711584,394
16-20,1122,20,-0.02424432896077633,0.04038574919104576,-0.06463006883859634,113,66,fixed_close,"[-0.02, 0.0]",0.803030303030303,395
6-10,312,6,-0.02536153607070446,-0.017382333055138588,-0.007979200221598148,154,35,fixed_close,"[-0.04, 0.0]",0.6,396
11-15,1732,15,-0.026456844061613083,-0.014066818170249462,-0.012390026822686195,500,422,fixed_close,"[-0.04, 0.0]",0.6374407582938388,397
6-10,2376,8,-0.02694082260131836,-0.016560271382331848,-0.01038055494427681,171,75,trailing_close,"[0.0, 0.05]",0.3333333333333333,398
6-10,312,10,-0.027028629556298256,0.017318883910775185,-0.044347506016492844,154,34,fixed_close,"[-0.06, 0.0]",0.5882352941176471,399
11-15,312,11,-0.027242198586463928,0.024187147617340088,-0.051429346203804016,154,34,fixed_close,"[-0.06, 0.0]",0.6176470588235294,400
6-10,312,9,-0.02752448059618473,0.007066973019391298,-0.03459145128726959,154,34,fixed_close,"[-0.06, 0.0]",0.5882352941176471,401
6-10,2376,9,-0.02759178727865219,-0.02307993732392788,-0.00451185368001461,171,75,trailing_close,"[0.0, 0.05]",0.38666666666666666,402
6-10,2376,10,-0.02852892503142357,-0.02761337347328663,-0.00091555155813694,171,75,trailing_close,"[0.0, 0.05]",0.4266666666666667,403
6-10,312,8,-0.02977239340543747,-0.016110941767692566,-0.013661446049809456,154,34,fixed_close,"[-0.04, 0.0]",0.6470588235294118,404
2-5,312,5,-0.030651409178972244,-0.024261528626084328,-0.006389885675162077,154,35,fixed_close,"[-0.06, 0.0]",0.4857142857142857,405
6-10,312,7,-0.031738925725221634,-0.026135336607694626,-0.005603582598268986,154,35,fixed_close,"[-0.04, 0.0]",0.6285714285714286,406
11-15,312,13,-0.03195413202047348,0.019340109080076218,-0.0512942373752594,154,34,fixed_close,"[-0.04, 0.0]",0.6764705882352942,407
6-10,2376,6,-0.033290795981884,-0.020442163571715355,-0.012848633341491222,171,75,fixed_close,"[-0.02, 0.0]",0.5866666666666667,408
2-5,312,2,-0.034016795456409454,-0.034016795456409454,0.0,154,35,hold,"[0.0, 0.0]",0.0,409
11-15,312,12,-0.03532959148287773,0.009396414272487164,-0.04472601041197777,154,34,fixed_close,"[-0.04, 0.0]",0.6764705882352942,410
2-5,312,4,-0.04977639392018318,-0.05584787577390671,0.006071483716368675,154,35,fixed_close,"[-0.06, 0.0]",0.37142857142857144,411
2-5,312,3,-0.05065349116921425,-0.05436697602272034,0.003713485086336732,154,35,fixed_close,"[-0.06, 0.0]",0.22857142857142856,412
6-10,1366,6,-0.052325278520584106,-0.057830892503261566,0.005505615379661322,115,64,fixed_close,"[-0.06, 0.0]",0.359375,413
6-10,1366,7,-0.06345078349113464,-0.06345078349113464,0.0,115,64,hold,"[0.0, 0.0]",0.0,414
6-10,1366,8,-0.06497219949960709,-0.06497219949960709,0.0,115,64,hold,"[0.0, 0.0]",0.0,415
6-10,1366,10,-0.06531906872987747,-0.06531906872987747,0.0,115,64,hold,"[0.0, 0.0]",0.0,416
6-10,1366,9,-0.06577080488204956,-0.06577080488204956,0.0,115,64,hold,"[0.0, 0.0]",0.0,417
